time,x,y,vx,vy
0,-0.0148373,0.169433,-0.000145466,0.000173152
0.00106115,-0.0139937,0.169903,0.162823,0.090493
0.00266928,-0.00856287,0.172915,0.5793,0.321311
0.00436578,0.00471465,0.180276,1.14064,0.632417
0.00611658,0.0276496,0.19299,1.7382,0.963597
0.00792646,0.0606043,0.211256,2.26333,1.25464
0.00981644,0.102492,0.234474,2.6074,1.44534
0.0118304,0.150779,0.261238,2.66174,1.47547
0.014068,0.20148,0.289341,2.31773,1.28484
0.016837,0.249163,0.315771,1.46672,0.813221
0.022497,0.286949,0.336716,5.32415e-05,0.00040928
0.023497,0.287519,0.337001,0.110044,0.0545019
0.0251046,0.291186,0.338808,0.391133,0.19274
0.0268009,0.300149,0.34322,0.769992,0.379063
0.0285515,0.31563,0.350837,1.17329,0.577411
0.0303613,0.337873,0.36178,1.52771,0.751723
0.0322512,0.366146,0.375688,1.75991,0.865941
0.034265,0.398736,0.391721,1.79658,0.884004
0.0365025,0.432956,0.408555,1.56438,0.769851
0.0392712,0.465139,0.424388,0.989983,0.487423
0.0449285,0.490642,0.436937,6.51331e-05,0.000659916
0.0460667,0.491471,0.437589,0.159848,0.125274
0.0476743,0.496798,0.44175,0.568184,0.443732
0.0493705,0.509818,0.45191,1.11855,0.872962
0.0511211,0.532306,0.469455,1.70442,1.32989
0.0529308,0.564619,0.494662,2.21928,1.73144
0.0548207,0.60569,0.526699,2.55661,1.99454
0.0568345,0.653034,0.56363,2.60988,2.03612
0.0590719,0.702745,0.602407,2.27257,1.77311
0.0618406,0.749498,0.638877,1.43816,1.12242
0.067498,0.786545,0.667779,0.000132848,0.000986801
0.068498,0.787124,0.66803,0.11152,0.0474872
0.0701051,0.790838,0.66959,0.396177,0.166321
0.0718011,0.799916,0.673389,0.779845,0.326489
0.0735516,0.815594,0.679943,1.18826,0.496988
0.0753612,0.83812,0.689356,1.54718,0.646819
0.077251,0.866752,0.701318,1.78232,0.744981
0.0792647,0.899757,0.715106,1.81944,0.760473
0.081502,0.934412,0.729582,1.58428,0.662294
0.0842705,0.967004,0.743197,1.00257,0.419444
0.0899258,0.99283,0.753987,5.83267e-05,0.000921536
0.0909573,0.993663,0.75442,0.160642,0.0825088
0.0925648,0.999016,0.757149,0.571021,0.291009
0.094261,1.0121,0.763806,1.12414,0.572029
0.0960116,1.0347,0.775297,1.71295,0.871177
0.0978213,1.06718,0.791805,2.23038,1.13406
0.0997111,1.10845,0.812785,2.56939,1.30628
0.101725,1.15603,0.836968,2.62292,1.33346
0.103962,1.20599,0.862359,2.28391,1.16119
0.106731,1.25298,0.886238,1.44531,0.73509
0.112389,1.29021,0.905162,6.51074e-05,0.000759489
0.113389,1.29076,0.905127,0.105489,-0.00738264
0.114997,1.29427,0.904864,0.374904,-0.0281923
0.116694,1.30286,0.904208,0.738029,-0.0562442
0.118444,1.3177,0.903069,1.12458,-0.0861134
0.120254,1.33902,0.90143,1.46427,-0.112375
0.122144,1.36612,0.899344,1.68682,-0.129603
0.124158,1.39736,0.896937,1.72194,-0.132372
0.126396,1.43016,0.894409,1.49936,-0.115259
0.129165,1.461,0.892031,0.948784,-0.0728363
0.134825,1.48544,0.890146,-6.67202e-05,0.000319742
0.135825,1.48627,0.890145,0.159094,-0.000513808
0.137433,1.49157,0.89012,0.56584,-0.00264544
0.139129,1.50454,0.890056,1.11406,-0.00552161
0.14088,1.52694,0.889941,1.69765,-0.00858881
0.14269,1.55913,0.889776,2.2105,-0.0112935
0.14458,1.60004,0.889564,2.54651,-0.0130821
0.146594,1.64719,0.889319,2.59956,-0.0134012
0.148832,1.69671,0.889061,2.26355,-0.0116971
0.151601,1.74328,0.888818,1.43238,-0.00741642
0.157262,1.78018,0.888624,-7.82524e-05,-5.55735e-06
0.158262,1.7807,0.888312,0.0996916,-0.0601489
0.159871,1.78402,0.886307,0.354659,-0.21385
0.161567,1.79215,0.881407,0.698309,-0.421016
0.163318,1.80619,0.872942,1.06413,-0.641552
0.165128,1.82637,0.860779,1.3856,-0.835365
0.167018,1.85201,0.84532,1.59622,-0.962363
0.169032,1.88157,0.827498,1.62946,-0.98245
0.171269,1.91261,0.808785,1.41882,-0.855535
0.174038,1.9418,0.791185,0.897773,-0.541522
0.179698,1.96493,0.777237,-0.000185335,-0.000319817
0.180698,1.96561,0.777015,0.131482,-0.0424573
0.182306,1.97,0.775608,0.467967,-0.150143
0.184003,1.98072,0.772171,0.92149,-0.295286
0.185754,1.99925,0.766237,1.40428,-0.449797
0.187564,2.02588,0.757713,1.82855,-0.585586
0.189454,2.05972,0.746878,2.10652,-0.674561
0.191468,2.09873,0.734389,2.15043,-0.688634
0.193705,2.13969,0.721275,1.87249,-0.599712
0.196474,2.17821,0.708941,1.18492,-0.379707
0.202133,2.20874,0.699166,-4.58835e-05,-0.000528182
0.203271,2.20962,0.698549,0.168582,-0.11863
0.204879,2.21524,0.694607,0.599521,-0.420447
0.206576,2.22898,0.684978,1.18035,-0.827248
0.208326,2.25271,0.668351,1.79866,-1.2603
0.210136,2.28681,0.644462,2.34203,-1.64087
0.212026,2.33015,0.6141,2.69804,-1.89022
0.21404,2.38012,0.5791,2.75427,-1.92963
0.216277,2.43258,0.542351,2.39831,-1.68036
0.219046,2.48192,0.507787,1.51773,-1.06368
0.224704,2.52102,0.480396,0.00013168,-0.00085192
0.225704,2.52161,0.479923,0.11452,-0.0904545
0.227311,2.52543,0.476928,0.406846,-0.31944
0.229007,2.53475,0.469618,0.80085,-0.628073
0.230758,2.55085,0.456999,1.22027,-0.956621
0.232567,2.57398,0.43887,1.58886,-1.24535
0.234457,2.60338,0.41583,1.83034,-1.43452
0.236471,2.63728,0.389272,1.86846,-1.46441
0.238708,2.67287,0.361387,1.62696,-1.27528
0.241476,2.70634,0.33516,1.02959,-0.807386
0.247132,2.73286,0.314375,7.51436e-05,-0.00100584
0.24827,2.73372,0.313582,0.166856,-0.152056
0.249877,2.73928,0.308537,0.593074,-0.538074
0.251573,2.75287,0.296219,1.16754,-1.05836
0.253324,2.77635,0.27495,1.77907,-1.61222
0.255134,2.81008,0.244394,2.31648,-2.09894
0.257023,2.85295,0.205558,2.66857,-2.41784
0.259037,2.90236,0.160792,2.72417,-2.46821
0.261275,2.95425,0.113788,2.37208,-2.14935
0.264043,3.00305,0.0695801,1.50112,-1.36057
0.2697,3.04172,0.0345471,9.34254e-05,-0.0011563
0.2707,3.04227,0.0340657,0.106261,-0.0917763
0.272307,3.04581,0.0310334,0.377578,-0.32336
0.274003,3.05446,0.023638,0.743265,-0.635495
0.275753,3.06941,0.0108726,1.13254,-0.967765
0.277563,3.09088,-0.00746429,1.47463,-1.25976
0.279452,3.11817,-0.0307684,1.69876,-1.45106
0.281466,3.14962,-0.0576301,1.73413,-1.48126
0.283703,3.18265,-0.0858341,1.50999,-1.28993
0.286471,3.21372,-0.11236,0.955536,-0.816679
0.292126,3.23833,-0.133381,1.60805e-06,-0.00107616
0.293263,3.23921,-0.13416,0.169558,-0.149177
0.294871,3.24486,-0.139107,0.602869,-0.527657
0.296567,3.25868,-0.151185,1.1869,-1.03778
0.298317,3.28254,-0.17204,1.80861,-1.58082
0.300127,3.31683,-0.202,2.35496,-2.05803
0.302017,3.36041,-0.240078,2.71292,-2.37069
0.304031,3.41065,-0.28397,2.76945,-2.42006
0.306268,3.46341,-0.330057,2.41152,-2.1074
0.309037,3.51302,-0.373401,1.52608,-1.33398
0.314694,3.55233,-0.407749,9.86334e-05,-0.00107667
0.315694,3.5529,-0.408129,0.110616,-0.0722299
0.317301,3.55659,-0.410511,0.393048,-0.254065
0.318997,3.5656,-0.41632,0.773718,-0.499145
0.320747,3.58115,-0.426345,1.17895,-0.760034
0.322557,3.6035,-0.440744,1.53506,-0.989294
0.324446,3.63191,-0.459043,1.76837,-1.13949
0.32646,3.66466,-0.480136,1.8052,-1.16318
0.328697,3.69904,-0.502282,1.57189,-1.01294
0.331466,3.73138,-0.52311,0.994738,-0.641313
0.337121,3.757,-0.539616,7.88236e-05,-0.000878614
0.338259,3.75789,-0.540223,0.170624,-0.116361
0.339866,3.76357,-0.544082,0.606463,-0.411482
0.341563,3.77747,-0.5535,1.1939,-0.809253
0.343313,3.80147,-0.569762,1.81924,-1.23269
0.345123,3.83596,-0.593124,2.36878,-1.60479
0.347013,3.8798,-0.622816,2.72882,-1.84858
0.349026,3.93033,-0.657041,2.78569,-1.88706
0.351264,3.98339,-0.692977,2.42566,-1.64325
0.354033,4.03329,-0.726774,1.53505,-1.04015
0.359691,4.07284,-0.753557,0.000170161,-0.000780641
0.360691,4.07355,-0.753718,0.138313,-0.03036
0.362298,4.07816,-0.754712,0.491342,-0.105951
0.363994,4.08942,-0.75713,0.967164,-0.207831
0.365745,4.10886,-0.7613,1.47368,-0.316279
0.367555,4.1368,-0.76729,1.9188,-0.411574
0.369445,4.17231,-0.7749,2.21042,-0.473995
0.371458,4.21324,-0.783671,2.25645,-0.483819
0.373696,4.25622,-0.79288,1.96479,-0.421326
0.376465,4.29664,-0.80154,1.24335,-0.266794
0.382123,4.32867,-0.808403,2.71443e-05,-0.000500937
0.383123,4.32919,-0.808738,0.0998644,-0.0642013
0.384731,4.33251,-0.810866,0.355003,-0.22699
0.386427,4.34065,-0.816062,0.698884,-0.4464
0.388178,4.3547,-0.825032,1.06495,-0.679962
0.389988,4.37489,-0.837918,1.38664,-0.885209
0.391877,4.40055,-0.854296,1.59739,-1.01967
0.393891,4.43013,-0.873175,1.63065,-1.04088
0.396129,4.46119,-0.892997,1.41985,-0.906374
0.398898,4.4904,-0.911639,0.898438,-0.573678
0.404557,4.51355,-0.926411,-0.000145294,-0.000324955
0.405557,4.51438,-0.926268,0.160177,0.0278942
0.407165,4.51972,-0.925331,0.569891,0.100011
0.408862,4.53278,-0.923034,1.12212,0.197216
0.410612,4.55535,-0.919066,1.70997,0.300697
0.412422,4.58777,-0.913362,2.22657,0.391645
0.414312,4.62897,-0.906111,2.56503,0.451249
0.416326,4.67647,-0.897752,2.61848,0.460699
0.418564,4.72635,-0.888974,2.28003,0.401184
0.421333,4.77326,-0.880718,1.4428,0.253893
0.426995,4.81043,-0.874175,-8.62171e-05,1.589e-05
0.427995,4.81097,-0.87419,0.104443,-0.00284748
0.429603,4.81446,-0.874285,0.371572,-0.0101641
0.4313,4.82297,-0.874518,0.731615,-0.0200236
0.433051,4.83768,-0.874921,1.11489,-0.0305157
0.434861,4.85882,-0.8755,1.4517,-0.0397302
0.436751,4.88569,-0.876235,1.67236,-0.0457567
0.438765,4.91666,-0.877083,1.7072,-0.0466849
0.441002,4.94918,-0.877972,1.48651,-0.0406046
0.443771,4.97976,-0.878808,0.940626,-0.0256054
0.449432,5.00399,-0.87947,-0.00015442,0.00022294
0.450435,5.00479,-0.879036,0.155005,0.0834717
0.452043,5.00997,-0.876258,0.551525,0.29622
0.453739,5.02261,-0.869473,1.08597,0.582971
0.45549,5.04444,-0.857754,1.65489,0.888227
0.4573,5.07582,-0.840917,2.15485,1.15649
0.45919,5.1157,-0.819516,2.48241,1.33227
0.461204,5.16167,-0.794846,2.53413,1.36006
0.463442,5.20994,-0.768943,2.20658,1.18437
0.466211,5.25534,-0.74458,1.39631,0.749698
0.47187,5.29131,-0.725273,-0.000120558,0.000551036
0.47287,5.29183,-0.724856,0.0998721,0.0797782
0.474478,5.29516,-0.72221,0.355409,0.282248
0.476174,5.30331,-0.715749,0.699827,0.555144
0.477925,5.31738,-0.704593,1.06647,0.845648
0.479734,5.3376,-0.688566,1.38866,1.10094
0.481624,5.3633,-0.668196,1.59975,1.26821
0.483638,5.39292,-0.644715,1.63308,1.29464
0.485876,5.42403,-0.62006,1.42197,1.1274
0.488644,5.45329,-0.596872,0.899777,0.713693
0.494302,5.47647,-0.578496,-0.000171282,0.0006873
0.495302,5.47716,-0.578177,0.133252,0.0608888
0.496909,5.4816,-0.576164,0.474224,0.214738
0.498606,5.49247,-0.571251,0.933796,0.422101
0.500357,5.51125,-0.562772,1.42302,0.642845
0.502166,5.53823,-0.550591,1.85295,0.836836
0.504056,5.57252,-0.535109,2.13464,0.963941
0.50607,5.61206,-0.517265,2.17914,0.984027
0.508308,5.65356,-0.498528,1.8975,0.856959
0.511077,5.6926,-0.480905,1.20077,0.542606
0.516734,5.72354,-0.466939,1.62728e-05,0.000832869
0.517872,5.72444,-0.466128,0.174071,0.15564
0.51948,5.73024,-0.460959,0.618877,0.551259
0.521176,5.74442,-0.448337,1.2184,1.08449
0.522926,5.76892,-0.426541,1.85661,1.65213
0.524736,5.80412,-0.395227,2.41746,2.15097
0.526626,5.84886,-0.355426,2.78492,2.47782
0.52864,5.90043,-0.309548,2.84297,2.52947
0.530877,5.95458,-0.261376,2.47555,2.20272
0.533646,6.00551,-0.216069,1.56664,1.39436
0.539303,6.04587,-0.180164,0.00021071,0.00120614
0.540306,6.04645,-0.179463,0.112605,0.134093
0.541913,6.0502,-0.175021,0.399835,0.473692
0.543609,6.05936,-0.164182,0.78697,0.931412
0.545359,6.07518,-0.145467,1.19908,1.41866
0.547168,6.09791,-0.118582,1.56123,1.84685
0.549058,6.1268,-0.0844134,1.7985,2.12739
0.551072,6.16011,-0.0450275,1.83596,2.17169
0.553309,6.19508,-0.00367293,1.59866,1.89115
0.556077,6.22796,0.0352208,1.0117,1.19719
0.561732,6.25402,0.066043,0.000119791,0.00121587
0.562866,6.25488,0.0666226,0.164618,0.110648
0.564473,6.26036,0.0702825,0.585001,0.390306
0.566169,6.27377,0.0792112,1.1516,0.767233
0.56792,6.29692,0.0946248,1.75476,1.16847
0.56973,6.33019,0.116766,2.28481,1.52107
0.571619,6.37247,0.144906,2.63208,1.75207
0.573633,6.42121,0.177341,2.68691,1.78852
0.57587,6.47239,0.211398,2.33963,1.55745
0.578639,6.52052,0.243427,1.48058,0.985919
0.584296,6.55866,0.268808,9.84128e-05,0.00096155
0.585296,6.55923,0.269176,0.110327,0.0700516
0.586903,6.56291,0.271489,0.392022,0.246614
0.588599,6.57189,0.277128,0.771696,0.484588
0.59035,6.58741,0.286861,1.17586,0.737912
0.592159,6.6097,0.300842,1.53104,0.960524
0.594049,6.63803,0.31861,1.76373,1.10636
0.596063,6.67069,0.33909,1.80045,1.12937
0.5983,6.70499,0.360593,1.56772,0.98348
0.601068,6.73724,0.380817,0.992049,0.622634
0.606725,6.76279,0.396843,-5.16353e-05,0.000769496
0.607862,6.76362,0.397534,0.159676,0.13267
0.60947,6.76895,0.401939,0.567868,0.469751
0.611166,6.78196,0.412694,1.11804,0.924077
0.612917,6.80444,0.431265,1.70371,1.40771
0.614727,6.83674,0.457946,2.21838,1.83273
0.616617,6.87779,0.491858,2.55558,2.11119
0.61863,6.92512,0.530947,2.60882,2.15516
0.620868,6.97481,0.571991,2.27162,1.87671
0.623637,7.02155,0.610592,1.43748,1.1879
0.629295,7.05858,0.641182,-7.07777e-05,0.000800771
0.630295,7.05908,0.641566,0.0960475,0.0734507
0.631902,7.06228,0.643996,0.341683,0.25911
0.633598,7.07011,0.649924,0.672756,0.509345
0.635349,7.08364,0.660156,1.02519,0.775718
0.637158,7.10307,0.674855,1.3349,1.0098
0.639048,7.12778,0.693537,1.53781,1.16314
0.641062,7.15626,0.71507,1.56984,1.18732
0.643299,7.18616,0.737678,1.36691,1.0339
0.646068,7.21428,0.758941,0.864949,0.654443
0.651726,7.23657,0.77579,-0.000133453,0.000512488
0.652726,7.2373,0.775837,0.142046,0.00863261
0.654334,7.24204,0.776113,0.505394,0.0293824
0.656031,7.25362,0.776779,0.995127,0.0573462
0.657781,7.27363,0.777927,1.51646,0.0871082
0.659591,7.30238,0.779574,1.97461,0.113252
0.661481,7.33893,0.781666,2.27478,0.130363
0.663495,7.38106,0.784075,2.32221,0.133025
0.665733,7.42529,0.786605,2.02209,0.115822
0.668502,7.46689,0.788983,1.27965,0.073338
0.674163,7.49986,0.790867,0.000103427,0.0001575
0.675236,7.50079,0.791141,0.180666,0.0527373
0.676844,7.50681,0.792895,0.642104,0.187108
0.67854,7.52153,0.797181,1.26404,0.368215
0.680291,7.54694,0.804583,1.92611,0.561005
0.682101,7.58346,0.815217,2.50793,0.730424
0.683991,7.62987,0.828734,2.88914,0.841419
0.686005,7.68337,0.844314,2.94934,0.858935
0.688242,7.73955,0.860673,2.56819,0.747919
0.691011,7.79238,0.876059,1.62529,0.473318
0.696671,7.83425,0.88825,0.000271536,7.67357e-05
0.697671,7.83495,0.88809,0.136296,-0.0309306
0.699279,7.83949,0.887057,0.483912,-0.110172
0.700975,7.85058,0.884532,0.952436,-0.216978
0.702726,7.86972,0.880168,1.45118,-0.330678
0.704536,7.89723,0.873899,1.88947,-0.430601
0.706426,7.9322,0.865929,2.17661,-0.496076
0.708439,7.9725,0.856742,2.22192,-0.506435
0.710677,8.01482,0.847095,1.93471,-0.441005
0.713446,8.05463,0.838022,1.2243,-0.279116
0.719107,8.08616,0.830831,1.15381e-05,-9.92614e-05
0.720107,8.08663,0.830861,0.0903779,0.00588567
0.721715,8.08964,0.83106,0.321313,0.0211803
0.723411,8.09701,0.831547,0.632571,0.0417946
0.725162,8.10972,0.832388,0.963905,0.0637383
0.726972,8.128,0.833597,1.25507,0.0830212
0.728862,8.15123,0.835134,1.44582,0.0956533
0.730876,8.178,0.836907,1.47591,0.0976442
0.733113,8.20611,0.838767,1.28508,0.085004
0.735883,8.23255,0.840517,0.81311,0.0537424
0.741543,8.2535,0.841904,-0.000264701,-0.00013083
0.742543,8.25416,0.841557,0.12808,-0.0666372
0.744151,8.25844,0.839339,0.456072,-0.236599
0.745848,8.26889,0.833919,0.898149,-0.465679
0.747599,8.28695,0.824557,1.36875,-0.709542
0.749408,8.31291,0.811107,1.78231,-0.92385
0.751299,8.34589,0.79401,2.05327,-1.06427
0.753313,8.38392,0.774303,2.09607,-1.08646
0.75555,8.42385,0.75361,1.82515,-0.946088
0.758319,8.4614,0.734148,1.15494,-0.598817
0.76398,8.49115,0.718725,-0.000123888,-0.00031013
0.764993,8.49205,0.718521,0.173669,-0.0389464
0.766602,8.49784,0.717231,0.617807,-0.137684
0.768298,8.512,0.714079,1.21643,-0.270766
0.770049,8.53646,0.708638,1.85368,-0.412436
0.771859,8.57161,0.700822,2.41369,-0.536937
0.773749,8.61628,0.690888,2.7806,-0.618513
0.775763,8.66777,0.679437,2.83856,-0.631406
0.778,8.72184,0.667413,2.4717,-0.54986
0.780769,8.77269,0.656104,1.56417,-0.348118
0.786429,8.81299,0.647142,9.41563e-05,-0.000422831
0.787429,8.81355,0.646587,0.108246,-0.106617
0.789037,8.81715,0.643043,0.384633,-0.378002
0.790733,8.82597,0.634386,0.757155,-0.743785
0.792484,8.84119,0.619436,1.15371,-1.13317
0.794293,8.86306,0.597956,1.50219,-1.47537
0.796183,8.89086,0.570656,1.7305,-1.69958
0.798197,8.92291,0.539186,1.76654,-1.73501
0.800434,8.95655,0.506142,1.53821,-1.51086
0.803203,8.9882,0.475064,0.973394,-0.95635
0.808861,9.01327,0.450436,3.1552e-06,-0.000675283
0.809889,9.01412,0.450041,0.163633,-0.0755927
0.811497,9.01958,0.447537,0.581799,-0.267049
0.813193,9.03291,0.441426,1.14541,-0.5251
0.814944,9.05594,0.430875,1.74539,-0.799802
0.816754,9.08903,0.415718,2.27264,-1.04121
0.818644,9.13109,0.396455,2.61808,-1.19938
0.820658,9.17957,0.37425,2.67262,-1.22437
0.822895,9.23048,0.350935,2.32717,-1.06624
0.825664,9.27835,0.329006,1.47265,-0.67503
0.831322,9.31629,0.311628,-3.37346e-05,-0.000811542
0.832322,9.3168,0.310881,0.0988115,-0.143359
0.833929,9.3201,0.306121,0.351415,-0.507649
0.835625,9.32815,0.294498,0.69188,-0.99865
0.837376,9.34206,0.274428,1.05431,-1.52133
0.839185,9.36205,0.245593,1.3728,-1.98066
0.841075,9.38746,0.208945,1.58146,-2.28161
0.843089,9.41674,0.1667,1.61439,-2.32914
0.845326,9.44749,0.122342,1.40569,-2.02823
0.848095,9.47641,0.0806247,0.889466,-1.28385
0.853751,9.49933,0.0475649,-0.000182117,-0.000963051
0.854751,9.50002,0.0470059,0.13326,-0.106899
0.856359,9.50447,0.0434651,0.474279,-0.377624
0.858055,9.51534,0.0348237,0.933915,-0.742511
0.859806,9.53412,0.0199046,1.42321,-1.13094
0.861615,9.5611,-0.00152743,1.85319,-1.47228
0.863505,9.5954,-0.0287662,2.13492,-1.6959
0.865519,9.63493,-0.0601636,2.17941,-1.73119
0.867756,9.67645,-0.0931301,1.89772,-1.50752
0.870525,9.71549,-0.124134,1.20089,-0.954256
0.876183,9.74643,-0.148703,-5.44022e-05,-0.000780628
0.877235,9.74733,-0.149035,0.173421,-0.0631369
0.878843,9.75311,-0.151121,0.616749,-0.222491
0.88054,9.76725,-0.15621,1.21428,-0.43727
0.88229,9.79166,-0.164993,1.85036,-0.665902
0.8841,9.82674,-0.177611,2.40935,-0.866814
0.88599,9.87133,-0.193646,2.77559,-0.998435
0.888004,9.92273,-0.212129,2.83344,-1.01919
0.890241,9.9767,-0.231535,2.46724,-0.887513
0.89301,10.0275,-0.249786,1.56135,-0.561825
0.898669,10.0677,-0.264249,0.000119068,-0.000556016
0.899669,10.0683,-0.264897,0.112265,-0.124475
0.901277,10.072,-0.269033,0.398859,-0.441158
0.902973,10.0811,-0.279136,0.785137,-0.867992
0.904724,10.0969,-0.296582,1.19633,-1.32236
0.906533,10.1196,-0.321647,1.55769,-1.72166
0.908423,10.1484,-0.353504,1.79443,-1.98327
0.910437,10.1817,-0.390227,1.83181,-2.02459
0.912674,10.2166,-0.428785,1.59504,-1.76299
0.915443,10.2494,-0.465049,1.00938,-1.11586
0.921101,10.2754,-0.493786,4.61261e-05,-0.000598756
0.922101,10.2762,-0.49407,0.166258,-0.0542859
0.923709,10.2818,-0.495866,0.591022,-0.191486
0.925405,10.2953,-0.500246,1.16353,-0.376407
0.927156,10.3187,-0.507808,1.77298,-0.573257
0.928966,10.3523,-0.518671,2.30855,-0.746244
0.930856,10.395,-0.532476,2.65945,-0.859575
0.932869,10.4443,-0.548389,2.71486,-0.87746
0.935107,10.496,-0.565098,2.36397,-0.764105
0.937876,10.5446,-0.580811,1.49599,-0.483718
0.943535,10.5832,-0.593264,8.96474e-05,-0.000507926
0.944535,10.5838,-0.593792,0.111439,-0.101358
0.946143,10.5875,-0.597159,0.395998,-0.359085
0.947839,10.5965,-0.605381,0.779533,-0.706456
0.949589,10.6122,-0.61958,1.18781,-1.07624
0.951399,10.6347,-0.639979,1.5466,-1.4012
0.953289,10.6634,-0.665906,1.78167,-1.6141
0.955303,10.6963,-0.695793,1.81878,-1.64772
0.95754,10.731,-0.727173,1.5837,-1.43481
0.960309,10.7636,-0.756686,1.0022,-0.908152
0.965967,10.7894,-0.780073,5.20535e-05,-0.000502545
0.966983,10.7903,-0.780187,0.176874,-0.0215569
0.968591,10.7962,-0.780894,0.628754,-0.0753615
0.970287,10.8106,-0.782615,1.23781,-0.147879
0.972038,10.8355,-0.785583,1.88616,-0.225071
0.973848,10.8712,-0.789845,2.45593,-0.292901
0.975738,10.9167,-0.795262,2.82923,-0.33733
0.977752,10.9691,-0.801504,2.88818,-0.344322
0.979989,11.0241,-0.808059,2.51491,-0.299838
0.982758,11.0758,-0.814222,1.59153,-0.189842
0.988418,11.1168,-0.819106,0.000153336,-0.000294127
0.989418,11.1176,-0.819421,0.139392,-0.0604377
0.991026,11.1222,-0.821429,0.495225,-0.214137
0.992722,11.1336,-0.826332,0.974824,-0.421296
0.994473,11.1532,-0.8348,1.48536,-0.641818
0.996283,11.1813,-0.846965,1.93401,-0.835607
0.998173,11.2171,-0.862427,2.22795,-0.962565
1.00019,11.2584,-0.88025,2.27435,-0.982596
1.00242,11.3017,-0.898963,1.98037,-0.855604
1.00519,11.3424,-0.916563,1.25321,-0.541492
1.01085,11.3747,-0.930509,1.90274e-05,-0.000163838
1.01185,11.3752,-0.930442,0.0997762,0.013089
1.01346,11.3785,-0.930001,0.354711,0.0469587
1.01516,11.3867,-0.928923,0.698317,0.0926126
1.01691,11.4007,-0.927059,1.06409,0.141218
1.01872,11.4209,-0.924381,1.38552,0.183941
1.02061,11.4465,-0.920975,1.59611,0.21195
1.02262,11.4761,-0.917049,1.62935,0.216411
1.02486,11.5071,-0.912926,1.41873,0.188492
1.02763,11.5363,-0.909047,0.897755,0.11936
1.03329,11.5594,-0.905972,-9.08099e-05,0.000181693
1.03429,11.5603,-0.906021,0.173368,-0.00961441
1.0359,11.5661,-0.906346,0.616652,-0.0346474
1.03759,11.5802,-0.907142,1.21412,-0.0683842
1.03935,11.6047,-0.908519,1.85014,-0.104292
1.04116,11.6397,-0.910498,2.40908,-0.135837
1.04305,11.6843,-0.913013,2.77528,-0.156487
1.04506,11.7357,-0.915913,2.83312,-0.159709
1.0473,11.7897,-0.918957,2.46696,-0.13897
1.05007,11.8404,-0.921818,1.56116,-0.0877361
1.05573,11.8807,-0.924084,8.59631e-05,0.000524941
1.05673,11.8814,-0.923723,0.141262,0.0691626
1.05833,11.8861,-0.92143,0.502045,0.244572
1.06003,11.8976,-0.915832,0.988317,0.480998
1.06178,11.9175,-0.906166,1.50596,0.732686
1.06359,11.946,-0.89228,1.96086,0.95388
1.06548,11.9823,-0.874632,2.25889,1.09882
1.06749,12.0241,-0.854288,2.30594,1.12177
1.06973,12.0681,-0.832926,2.0079,0.976946
1.0725,12.1094,-0.812834,1.27063,0.618612
1.07816,12.1421,-0.796909,3.68611e-05,0.00100842
1.07916,12.1427,-0.796591,0.123446,0.0605313
1.08076,12.1469,-0.794596,0.438825,0.212646
1.08246,12.1569,-0.789736,0.863899,0.417673
1.08421,12.1743,-0.781349,1.31639,0.635931
1.08602,12.1992,-0.769302,1.71404,0.827739
1.08791,12.231,-0.753992,1.97456,0.953417
1.08992,12.2675,-0.736344,2.01568,0.973284
1.09216,12.3059,-0.717815,1.75512,0.847661
1.09493,12.342,-0.700387,1.11062,0.536866
1.10058,12.3706,-0.686574,-0.000103143,0.00121857
