x,y,z,vx,vy,vz,ax,ay,az,rx,ry,rz,vrx,vry,vrz,arx,ary,arz
-0.324716,-0.460624,0.541733,-0.01369,-0.0781119,-0.121989,-0.00572351,0.543377,0.341813,2.86187,-0.506154,-1.73985,1.40151,0.536565,-0.341639,-5.05991,-6.21233,1.73482
-0.324958,-0.462041,0.539749,-0.0180757,-0.0474837,-0.142847,0.0992725,0.0254335,0.988361,2.88427,-0.495892,-1.74423,1.56149,0.170565,-0.523487,-10.9982,0.0938507,6.82449
-0.325283,-0.46283,0.537486,-0.0204587,-0.0360528,-0.139605,0.228232,-0.308861,1.40239,2.90915,-0.492783,-1.75223,1.51642,-0.0130744,-0.511374,-15.3223,5.76327,9.9548
-0.325646,-0.463321,0.535416,-0.0192492,-0.0354243,-0.120135,0.344829,-0.545905,1.55086,2.93267,-0.495177,-1.7601,1.31545,-0.0318672,-0.387835,-17.5524,10.6284,11.666
-0.325988,-0.463709,0.533662,-0.0145773,-0.0418594,-0.0944132,0.421558,-0.717604,1.49266,2.95334,-0.501191,-1.76581,1.03793,0.0796206,-0.202785,-18.2151,15.4297,11.9579
-0.32625,-0.46409,0.532199,-0.0078323,-0.0531514,-0.0695554,0.460886,-0.853627,1.34415,2.97039,-0.506709,-1.76898,0.73738,0.321971,-0.00458289,-17.9034,19.384,11.2256
-0.326415,-0.464581,0.531035,-0.000143261,-0.0683245,-0.0477798,0.478696,-0.976558,1.19289,2.98266,-0.506481,-1.76961,0.443586,0.656661,0.179816,-16.895,21.3335,10.381
-0.326478,-0.465363,0.530291,0.00810892,-0.0867421,-0.0286393,0.493573,-1.07857,1.07882,2.98897,-0.498271,-1.76672,0.174513,1.0179,0.351992,-15.5766,21.4593,9.81218
-0.326398,-0.466619,0.53017,0.0166682,-0.106977,-0.0126966,0.498901,-1.1391,0.947946,2.98812,-0.482512,-1.75915,-0.0541835,1.37239,0.51437,-13.8595,20.8728,9.37654
-0.326135,-0.468448,0.530635,0.0253151,-0.126271,-0.000964719,0.498937,-1.12288,0.800227,2.98075,-0.459302,-1.74647,-0.238221,1.71442,0.654154,-12.1212,20.1504,8.66417
-0.325635,-0.470786,0.531483,0.0329509,-0.141697,0.00609961,0.47378,-1.02084,0.644221,2.96823,-0.427409,-1.72986,-0.375874,2.01667,0.756561,-10.4166,18.8254,7.57291
-0.324903,-0.47357,0.532456,0.0383587,-0.1504,0.009926,0.416715,-0.831354,0.515331,2.95202,-0.386061,-1.71056,-0.458326,2.22315,0.805145,-8.58865,16.2372,6.02075
-0.324005,-0.476685,0.533339,0.0414458,-0.152899,0.0128949,0.344808,-0.61462,0.438539,2.93422,-0.336555,-1.69029,-0.491997,2.30607,0.811625,-6.82756,12.6755,4.46445
-0.323005,-0.480008,0.53408,0.0422632,-0.151629,0.0153107,0.26704,-0.42683,0.390661,2.9163,-0.281579,-1.67063,-0.486517,2.28813,0.800943,-5.25191,9.05748,3.29152
-0.321958,-0.483467,0.534712,0.0416071,-0.147937,0.0169336,0.19829,-0.280375,0.353457,2.89952,-0.225353,-1.65181,-0.461466,2.2298,0.778536,-4.05218,6.32832,2.41721
-0.320896,-0.48697,0.535285,0.0402591,-0.142765,0.0167047,0.146475,-0.175912,0.307519,2.88469,-0.171476,-1.6335,-0.425213,2.17886,0.745479,-3.1768,4.78271,1.75046
-0.319849,-0.490361,0.535781,0.0388414,-0.13752,0.0144169,0.114069,-0.11696,0.251962,2.87226,-0.121225,-1.61601,-0.38158,2.14835,0.711386,-2.53495,4.14611,1.33854
-0.318867,-0.493502,0.536088,0.0376168,-0.129398,0.0119535,0.0976436,-0.055459,0.208423,2.86271,-0.0740187,-1.59997,-0.328516,2.08277,0.653861,-1.99643,3.47427,0.837503
-0.317996,-0.496206,0.536208,0.0366382,-0.116733,0.0104725,0.0918103,0.0304656,0.183439,2.85585,-0.0308767,-1.5866,-0.261213,1.94033,0.561367,-1.4523,2.2863,0.122631
-0.317305,-0.498329,0.536216,0.0360935,-0.101059,0.0100522,0.0930087,0.124655,0.171515,2.85183,0.00523462,-1.5768,-0.179417,1.72019,0.451106,-0.875298,0.638919,-0.607193
-0.316805,-0.499846,0.536238,0.0360409,-0.0853116,0.0101296,0.09715,0.202075,0.16437,2.8508,0.0320126,-1.5707,-0.0898133,1.4642,0.351481,-0.313973,-1.03605,-1.10356
-0.316441,-0.500932,0.53633,0.0364519,-0.0718289,0.0107229,0.101205,0.247637,0.162106,2.85209,0.0506966,-1.5669,-0.00867337,1.22474,0.279671,0.0974286,-2.30606,-1.27291
-0.316144,-0.501782,0.536432,0.0375717,-0.0618694,0.012022,0.106179,0.257573,0.165283,2.85487,0.0650392,-1.56409,0.0517895,1.04745,0.235253,0.286811,-2.86424,-1.18982
-0.315827,-0.502485,0.536498,0.039546,-0.0563975,0.0130458,0.113043,0.231219,0.163588,2.85821,0.078743,-1.56221,0.0955879,0.949927,0.217954,0.32976,-2.68266,-0.914435
-0.315423,-0.503082,0.536501,0.0423519,-0.0549832,0.0132412,0.121869,0.180001,0.152392,2.86199,0.0927968,-1.56123,0.132496,0.919808,0.217272,0.333037,-1.99096,-0.582252
-0.314889,-0.503576,0.536489,0.0452867,-0.0544105,0.0128535,0.127681,0.135728,0.135307,2.86643,0.105535,-1.56105,0.175236,0.902232,0.207053,0.406495,-1.34037,-0.424416
-0.314223,-0.503837,0.536557,0.0475481,-0.0521658,0.0127576,0.125894,0.119569,0.121372,2.872,0.113497,-1.56256,0.22821,0.849797,0.173084,0.575966,-1.14918,-0.537456
-0.313444,-0.503879,0.53672,0.0488422,-0.0482366,0.0148668,0.116664,0.128758,0.125638,2.87906,0.115683,-1.5654,0.277167,0.764033,0.122199,0.723249,-1.38245,-0.828809
-0.312579,-0.503893,0.536946,0.0493566,-0.0432376,0.0210919,0.103559,0.153788,0.159156,2.88735,0.114171,-1.56785,0.298679,0.686701,0.065056,0.685039,-1.68376,-1.1721
-0.311661,-0.504085,0.537222,0.0492883,-0.0380193,0.0319505,0.0893,0.182606,0.219635,2.89594,0.11322,-1.56835,0.28059,0.644462,0.0043524,0.407117,-1.82826,-1.50349
-0.310708,-0.504568,0.537581,0.0486158,-0.0336514,0.046295,0.0744138,0.202489,0.292829,2.90359,0.11675,-1.56669,0.229551,0.641336,-0.05754,-0.0270534,-1.75593,-1.76977
-0.309728,-0.505346,0.538053,0.0469968,-0.0310129,0.0621615,0.0571376,0.204498,0.361077,2.90974,0.126759,-1.56386,0.165514,0.660303,-0.114753,-0.456924,-1.54847,-1.91411
-0.308742,-0.506339,0.538638,0.0441732,-0.0291041,0.0778986,0.036562,0.195487,0.411815,2.91474,0.142295,-1.56122,0.110845,0.665256,-0.165298,-0.728191,-1.41787,-1.93309
-0.307795,-0.507335,0.539395,0.0401679,-0.027191,0.0933029,0.0135885,0.181757,0.445271,2.91926,0.159625,-1.56064,0.0692059,0.649229,-0.205639,-0.836219,-1.37822,-1.83602
-0.306955,-0.508066,0.540456,0.0352073,-0.0248216,0.108768,-0.0102038,0.169653,0.467186,2.92355,0.173989,-1.56373,0.0331046,0.623736,-0.236951,-0.851659,-1.36614,-1.68288
-0.306267,-0.50842,0.541989,0.029684,-0.0219022,0.124391,-0.0327332,0.163262,0.482243,2.92687,0.183411,-1.57051,-0.0017906,0.599453,-0.259184,-0.821306,-1.35587,-1.51789
-0.30573,-0.508478,0.544148,0.023787,-0.0189134,0.139727,-0.0535293,0.161271,0.492481,2.92769,0.189858,-1.57961,-0.0329257,0.574526,-0.266723,-0.756147,-1.38815,-1.32846
-0.305327,-0.508397,0.546964,0.0175336,-0.0154574,0.154099,-0.0730607,0.166662,0.498603,2.92495,0.196716,-1.5894,-0.0554772,0.541752,-0.265412,-0.663182,-1.49514,-1.16446
-0.305051,-0.50834,0.550309,0.0108145,-0.0105392,0.166801,-0.0924227,0.183934,0.499894,2.91916,0.205558,-1.59871,-0.0626473,0.491691,-0.262702,-0.532508,-1.6993,-1.06705
-0.304918,-0.508422,0.553953,0.00371159,-0.00291206,0.177388,-0.111385,0.216937,0.49533,2.91213,0.215979,-1.60662,-0.0503633,0.420414,-0.266662,-0.357316,-1.98439,-1.06479
-0.304949,-0.508644,0.557679,-0.00367395,0.00786866,0.186142,-0.1298,0.263193,0.486794,2.906,0.226338,-1.61262,-0.0206814,0.319546,-0.28174,-0.152022,-2.3783,-1.15128
-0.30515,-0.508879,0.561368,-0.0107832,0.0225656,0.193467,-0.144665,0.323349,0.475681,2.90213,0.234687,-1.61683,0.0204139,0.197146,-0.314201,0.0578719,-2.81499,-1.33157
-0.305505,-0.508978,0.565027,-0.017483,0.0401157,0.199406,-0.156025,0.387173,0.461182,2.90046,0.240692,-1.6199,0.0676866,0.0649558,-0.357477,0.25326,-3.21494,-1.53147
-0.305991,-0.508808,0.568699,-0.023518,0.0598407,0.203715,-0.162999,0.449292,0.441477,2.90042,0.244391,-1.62276,0.120773,-0.0673517,-0.405847,0.441932,-3.52183,-1.70102
-0.306585,-0.508265,0.572406,-0.0290946,0.0805769,0.206035,-0.167629,0.502815,0.41479,2.90174,0.245489,-1.62614,0.1836,-0.209949,-0.450337,0.653648,-3.81581,-1.78413
-0.30728,-0.507273,0.576134,-0.0344663,0.101075,0.206295,-0.171949,0.541983,0.381665,2.90447,0.243286,-1.63051,0.258284,-0.379668,-0.485281,0.901351,-4.21236,-1.75945
-0.308078,-0.505748,0.579854,-0.039389,0.121767,0.204632,-0.174644,0.573363,0.343893,2.90879,0.237002,-1.6366,0.340904,-0.560114,-0.514512,1.15821,-4.60573,-1.6776
-0.308972,-0.503618,0.583527,-0.0438995,0.142052,0.2005,-0.176372,0.596914,0.298705,2.9149,0.226291,-1.64486,0.433179,-0.741035,-0.537475,1.43711,-4.94614,-1.56062
-0.309944,-0.500859,0.587119,-0.0479088,0.160884,0.193178,-0.176785,0.610223,0.242756,2.92283,0.211326,-1.65536,0.54107,-0.924576,-0.550134,1.7741,-5.2667,-1.408
-0.310971,-0.497537,0.590609,-0.0506693,0.178378,0.18162,-0.171376,0.618089,0.171502,2.93247,0.192268,-1.66763,0.67047,-1.1009,-0.55273,2.19574,-5.51964,-1.24324
-0.312013,-0.493743,0.593928,-0.0523615,0.194743,0.167396,-0.161835,0.624551,0.0973176,2.99055,0.17001,-1.68089,-6.53079,-1.26172,-0.547505,-42.2834,-5.66611,-1.09305
-0.313063,-0.489639,0.597004,-0.0523556,0.209826,0.150475,-0.14472,0.629428,0.0206404,2.98909,0.145295,-1.69391,-11.8466,-1.41009,-0.535381,-67.6311,-5.73805,-0.960674
-0.314106,-0.485335,0.599758,-0.050917,0.222565,0.131442,-0.122753,0.626031,-0.0547176,2.93001,0.118104,-1.70579,-15.8528,-1.54017,-0.512731,-79.7127,-5.71053,-0.81294
-0.315149,-0.48094,0.602124,-0.047464,0.233717,0.109934,-0.0933824,0.619128,-0.131625,2.80901,0.0876281,-1.71588,-18.9476,-1.64129,-0.488298,-82.7427,-5.54414,-0.69229
-0.316175,-0.476506,0.604045,-0.0418786,0.244435,0.0872991,-0.0574673,0.614918,-0.202226,2.61518,0.0537995,-1.72421,-21.399,-1.7036,-0.466373,-79.8146,-5.21675,-0.607897
-0.31713,-0.471989,0.605457,-0.0353362,0.25361,0.0656837,-0.0235157,0.605365,-0.25536,2.33033,0.0182073,-1.73139,-23.3613,-1.72,-0.437397,-73.1985,-4.71706,-0.488251
-0.317973,-0.467397,0.606303,-0.0282661,0.259903,0.0452034,0.00597936,0.582316,-0.294739,1.9279,-0.0179765,-1.73765,-24.8484,-1.70946,-0.401146,-64.3592,-4.19178,-0.332695
-0.318664,-0.462757,0.606571,-0.0194328,0.263905,0.0242203,0.0394313,0.550842,-0.334702,1.37093,-0.0539915,-1.74306,-25.7386,-1.69439,-0.369583,-54.2156,-3.78489,-0.217026
-0.319133,-0.458052,0.60628,-0.00869541,0.267013,0.00334404,0.0777583,0.52079,-0.373565,0.609615,-0.0887893,-1.7479,-25.8064,-1.67562,-0.34652,-43.579,-3.47769,-0.15866
-0.319344,-0.453292,0.60555,0.00234919,0.270416,-0.0158347,0.111187,0.499382,-0.402746,-0.422355,-0.121775,-1.75245,-24.6902,-1.6341,-0.330861,-33.1974,-3.12662,-0.143536
-0.319255,-0.448521,0.604428,0.0128382,0.274225,-0.033078,0.136208,0.485753,-0.422965,-1.18237,-0.152631,-1.75669,-22.8736,-1.55313,-0.320422,-23.5599,-2.62324,-0.151619
-0.318877,-0.443779,0.602991,0.0219407,0.277815,-0.0478973,0.150024,0.47412,-0.432915,-1.73677,-0.180375,-1.76056,-20.6937,-1.44626,-0.31462,-14.9311,-2.05582,-0.173717
-0.318221,-0.439037,0.601309,0.0300298,0.281024,-0.0607601,0.15777,0.462674,-0.437036,-2.13639,-0.204289,-1.76435,-18.3701,-1.33154,-0.316612,-7.36078,-1.52433,-0.22703
-0.31735,-0.434307,0.599514,0.0383763,0.284512,-0.071886,0.168904,0.4548,-0.436621,-2.42037,-0.224475,-1.76806,-16.0528,-1.20735,-0.318078,-0.861864,-0.996623,-0.254705
-0.316331,-0.42967,0.597676,0.0461136,0.287802,-0.0802271,0.177798,0.445564,-0.424625,-2.61818,-0.241654,-1.77144,-13.8483,-1.07646,-0.302809,4.53859,-0.480212,-0.157512
-0.315159,-0.425127,0.595736,0.0520137,0.290098,-0.0853228,0.17759,0.428758,-0.399629,-2.75099,-0.257331,-1.77488,-11.8162,-0.946144,-0.27377,8.92081,-0.0256251,0.0262313
-0.313815,-0.420575,0.593658,0.0570018,0.292562,-0.0889106,0.176037,0.412198,-0.374785,-2.83512,-0.271967,-1.77884,-9.96918,-0.823019,-0.253519,12.5126,0.323105,0.136507
-0.312378,-0.415904,0.591546,0.0623723,0.296853,-0.0924918,0.181422,0.406697,-0.359151,-2.88466,-0.284399,-1.78332,-8.31082,-0.70315,-0.25226,15.4564,0.605424,0.11268
-0.310954,-0.411055,0.589499,0.06698,0.30188,-0.0955153,0.18485,0.405119,-0.347006,-2.91086,-0.293026,-1.78814,-6.84918,-0.593302,-0.260279,17.7683,0.807311,0.0287672
-0.309572,-0.406054,0.587532,0.0698121,0.305876,-0.0976915,0.179283,0.396823,-0.334906,-2.92145,-0.297705,-1.79313,-5.58422,-0.484846,-0.263621,19.4664,1.01425,-0.0222036
-0.30824,-0.400972,0.585671,0.0720809,0.309377,-0.100119,0.172435,0.386178,-0.328203,-2.92177,-0.299845,-1.79796,-4.49587,-0.368353,-0.268184,20.667,1.29101,-0.0787115
-0.306905,-0.395833,0.583896,0.0757152,0.313473,-0.10301,0.175924,0.380119,-0.326206,-2.91516,-0.300322,-1.8024,-3.5656,-0.245417,-0.272044,21.4552,1.61593,-0.123483
-0.305509,-0.390627,0.582208,0.0796638,0.31703,-0.104808,0.181931,0.371122,-0.317426,-2.90433,-0.29896,-1.80587,-2.78049,-0.141828,-0.268915,21.868,1.82368,-0.109115
-0.304112,-0.385394,0.580641,0.0836511,0.319446,-0.10587,0.18778,0.355585,-0.303453,-2.89132,-0.29631,-1.80817,-2.11754,-0.063118,-0.263231,22.0005,1.89315,-0.0591827
-0.302724,-0.380137,0.579128,0.0874618,0.320264,-0.106966,0.1914,0.331503,-0.288932,-2.87664,-0.293131,-1.81055,-1.55391,-0.00757261,-0.261844,21.9477,1.84692,-0.0215289
-0.301265,-0.374774,0.577521,0.0911375,0.319876,-0.108236,0.19343,0.303418,-0.275541,-2.85995,-0.289823,-1.8145,-1.08033,0.0420725,-0.260773,21.7275,1.79889,0.0137999
-0.299715,-0.369293,0.575775,0.0955246,0.319645,-0.109572,0.199516,0.281529,-0.26364,-2.84194,-0.286062,-1.82,-0.694859,0.104637,-0.250063,21.3178,1.86071,0.0917151
-0.298149,-0.363805,0.573946,0.0996905,0.319224,-0.109385,0.202837,0.26306,-0.243999,-2.82406,-0.281408,-1.82584,-0.395224,0.166029,-0.226875,20.7008,1.93034,0.217703
-0.296559,-0.358385,0.572062,0.102925,0.318198,-0.10667,0.198956,0.24446,-0.212233,-2.80721,-0.275038,-1.83106,-0.166192,0.203652,-0.203738,19.9444,1.87687,0.310497
-0.294851,-0.352995,0.570136,0.105681,0.316112,-0.101914,0.192276,0.222923,-0.173956,-2.79142,-0.267237,-1.83573,0.0118945,0.215816,-0.185724,19.1444,1.71634,0.345054
-0.292971,-0.347634,0.568254,0.107592,0.312039,-0.0958715,0.182239,0.193371,-0.135159,-2.77681,-0.259398,-1.8396,0.146039,0.210023,-0.159788,18.3131,1.50901,0.413395
-0.29102,-0.342404,0.566531,0.108698,0.306275,-0.0898392,0.170024,0.158157,-0.103342,-2.76353,-0.253239,-1.84244,0.238939,0.204773,-0.11593,17.4401,1.35914,0.577245
-0.289046,-0.33736,0.564949,0.110128,0.301793,-0.084708,0.162896,0.135312,-0.0826437,-2.75133,-0.248637,-1.84442,0.296922,0.211725,-0.0694331,16.547,1.31552,0.731387
-0.287063,-0.332479,0.563474,0.11149,0.29933,-0.0792189,0.15766,0.126747,-0.0637399,-2.74027,-0.244666,-1.84572,0.320477,0.224259,-0.023715,15.6221,1.31589,0.854943
-0.285059,-0.327663,0.562122,0.111386,0.29725,-0.0722528,0.145588,0.120274,-0.0393246,-2.73113,-0.240074,-1.84602,0.321584,0.22062,0.0151628,14.7226,1.22625,0.917314
-0.283042,-0.322839,0.560962,0.10976,0.293696,-0.0644759,0.12751,0.104739,-0.0135236,-2.72463,-0.234839,-1.84507,0.31264,0.194813,0.0434588,13.8959,1.03035,0.910196
-0.281106,-0.318068,0.56009,0.107696,0.288293,-0.0575971,0.110381,0.0791909,0.0046482,-2.72077,-0.230745,-1.84333,0.294487,0.17161,0.0762245,13.1139,0.887141,0.938201
-0.279287,-0.313421,0.559491,0.107029,0.282673,-0.0527789,0.10444,0.0546316,0.0107934,-2.71877,-0.22872,-1.84138,0.267695,0.171016,0.12228,12.3593,0.894193,1.04661
-0.27753,-0.308923,0.559038,0.107135,0.276918,-0.04931,0.103855,0.030885,0.0116546,-2.71802,-0.227782,-1.83886,0.234173,0.179355,0.181348,11.6329,0.936261,1.22032
-0.275813,-0.304562,0.558621,0.107001,0.271267,-0.046114,0.101275,0.00887858,0.0143672,-2.7186,-0.226701,-1.8348,0.197438,0.184267,0.23882,10.9448,0.93284,1.36692
-0.27411,-0.300242,0.558168,0.106748,0.265788,-0.0425625,0.0976005,-0.0106944,0.0216713,-2.72058,-0.224648,-1.82925,0.155533,0.189781,0.291263,10.2705,0.923404,1.47455
-0.272397,-0.295842,0.557699,0.10746,0.259903,-0.039043,0.0996918,-0.0299001,0.0298565,-2.72371,-0.221854,-1.82338,0.109512,0.204837,0.349134,9.61006,0.969546,1.60655
-0.270721,-0.291439,0.557306,0.108456,0.252428,-0.0357681,0.102096,-0.0549138,0.0377137,-2.72782,-0.219217,-1.81735,0.0638001,0.217791,0.415163,8.98645,0.988396,1.76778
-0.269113,-0.287209,0.556994,0.108791,0.243632,-0.0324882,0.0981295,-0.0836968,0.0471294,-2.73228,-0.217428,-1.81097,0.0180742,0.223546,0.485032,8.39679,0.9416,1.9197
-0.267506,-0.28325,0.556674,0.108339,0.23487,-0.0291048,0.0877873,-0.108678,0.0578899,-2.73686,-0.215783,-1.80362,-0.0349949,0.238068,0.558965,7.79857,0.932447,2.06244
-0.26582,-0.279529,0.556279,0.108609,0.22819,-0.0268469,0.0819957,-0.118828,0.0610137,-2.74199,-0.212773,-1.79412,-0.0907959,0.279947,0.627943,7.22453,1.07958,2.15115
-0.264002,-0.275933,0.555817,0.108782,0.22289,-0.0252822,0.0764244,-0.120617,0.0591396,-2.74795,-0.207907,-1.78231,-0.140532,0.318894,0.680248,6.72621,1.18851,2.13369
-0.262134,-0.272449,0.555385,0.108316,0.218719,-0.0239815,0.0682516,-0.117026,0.055589,-2.75471,-0.202411,-1.76888,-0.182567,0.345081,0.716279,6.30332,1.20437,2.03515
-0.260272,-0.269063,0.555043,0.106504,0.21492,-0.0227302,0.0535873,-0.113726,0.0526079,-2.76227,-0.196718,-1.75471,-0.215428,0.350038,0.736233,5.95338,1.08613,1.87006
-0.258408,-0.265778,0.554793,0.10333,0.21162,-0.0220068,0.0336189,-0.110347,0.0479464,-2.77071,-0.190546,-1.73978,-0.238436,0.345287,0.737672,5.66673,0.92669,1.63799
-0.256549,-0.262609,0.554591,0.100284,0.209082,-0.022902,0.0186869,-0.106015,0.0356252,-2.77985,-0.183901,-1.72396,-0.248105,0.347191,0.726823,5.45213,0.837244,1.39615
-0.254782,-0.259549,0.554401,0.0983505,0.207224,-0.0245446,0.0137431,-0.102132,0.02235,-2.78934,-0.177295,-1.70776,-0.244566,0.33924,0.704293,5.29599,0.707402,1.15673
-0.253144,-0.256501,0.554195,0.0977822,0.206109,-0.0255734,0.0179677,-0.0981641,0.0167152,-2.799,-0.170625,-1.69203,-0.236682,0.323097,0.674247,5.13304,0.555379,0.945335
-0.251594,-0.253352,0.553927,0.0990679,0.206547,-0.0256968,0.0322639,-0.0881026,0.0190366,-2.80866,-0.163182,-1.67735,-0.232101,0.307281,0.633413,4.91547,0.447312,0.734129
-0.250043,-0.250021,0.553534,0.100866,0.20645,-0.0240189,0.0468118,-0.0837785,0.0324332,-2.81755,-0.155121,-1.66463,-0.238801,0.277874,0.594768,4.60843,0.302389,0.590309
-0.248535,-0.246591,0.553073,0.102568,0.205011,-0.0212361,0.0570932,-0.0883123,0.0501374,-2.82521,-0.148685,-1.65427,-0.255544,0.243813,0.562819,4.24511,0.169568,0.51525
-0.247078,-0.24312,0.552587,0.103461,0.201911,-0.0169466,0.0584766,-0.101731,0.0732032,-2.83168,-0.144374,-1.64591,-0.283728,0.211574,0.536512,3.83966,0.0714015,0.478451
-0.24566,-0.239671,0.552107,0.104251,0.197665,-0.0121887,0.0558612,-0.119333,0.0938239,-2.83725,-0.141907,-1.63914,-0.313376,0.181409,0.508993,3.473,-0.00842416,0.421022
-0.244202,-0.236258,0.551644,0.106302,0.193388,-0.00874803,0.0583093,-0.133328,0.100742,-2.84226,-0.140105,-1.63356,-0.336461,0.149598,0.478604,3.19986,-0.0967249,0.327981
-0.242575,-0.232888,0.551214,0.10957,0.1895,-0.00670194,0.0661197,-0.141316,0.0950527,-2.84703,-0.138436,-1.62849,-0.358403,0.111442,0.447997,2.98151,-0.216828,0.219869
-0.24073,-0.229569,0.55092,0.111986,0.184454,-0.00469702,0.0675981,-0.153328,0.0877,-2.8522,-0.137818,-1.62373,-0.393922,0.0805587,0.431179,2.72138,-0.28569,0.185558
-0.238711,-0.226319,0.55085,0.11312,0.178204,-0.00399833,0.0623746,-0.168841,0.0731444,-2.85884,-0.137976,-1.61888,-0.435941,0.0759592,0.42602,2.46019,-0.197687,0.204957
-0.236595,-0.223172,0.551001,0.113998,0.171125,-0.00676034,0.0584669,-0.184993,0.0414581,-2.86763,-0.138316,-1.61374,-0.459196,0.0827195,0.420906,2.33741,-0.0668849,0.203316
-0.23451,-0.220259,0.551311,0.115606,0.163982,-0.0125191,0.0612802,-0.198138,6.42088e-05,-2.87845,-0.139009,-1.60781,-0.456151,0.0785777,0.411597,2.36279,-0.0399248,0.166317
-0.232496,-0.217586,0.551625,0.117926,0.156021,-0.0180677,0.0688057,-0.214446,-0.0289742,-2.89029,-0.139531,-1.60146,-0.442739,0.0586782,0.405362,2.40708,-0.129963,0.148836
-0.230539,-0.215115,0.551859,0.120502,0.146832,-0.0238667,0.0766296,-0.23665,-0.0498331,-2.90234,-0.139876,-1.59522,-0.420672,0.0289157,0.406657,2.45182,-0.279975,0.175019
-0.228552,-0.212779,0.55187,0.122258,0.136227,-0.0299304,0.0780451,-0.26484,-0.0648393,-2.91352,-0.140351,-1.58949,-0.394754,0.00169274,0.41951,2.47153,-0.402518,0.257634
-0.226476,-0.210547,0.551557,0.1225,0.125652,-0.0359093,0.0702975,-0.288603,-0.0747977,-2.92355,-0.140895,-1.58385,-0.359422,-0.040615,0.423028,2.50969,-0.604527,0.258361
-0.224371,-0.208463,0.55096,0.121983,0.116599,-0.042304,0.0595377,-0.299152,-0.0852509,-2.93283,-0.141337,-1.57771,-0.310182,-0.0998596,0.404519,2.5917,-0.877609,0.115624
-0.222329,-0.206602,0.550133,0.12155,0.108178,-0.0487397,0.0507887,-0.304409,-0.0950778,-2.94136,-0.141257,-1.57081,-0.25952,-0.153556,0.384039,2.63378,-1.05907,-0.0177668
-0.220303,-0.204934,0.549018,0.121191,0.0986959,-0.054138,0.0436451,-0.315911,-0.099658,-2.94795,-0.140988,-1.56385,-0.222636,-0.17861,0.382197,2.55916,-1.00924,-0.0134535
-0.218206,-0.203453,0.547631,0.119745,0.0900492,-0.0579019,0.0316162,-0.321565,-0.098007,-2.9518,-0.141966,-1.55712,-0.18821,-0.216508,0.36654,2.47419,-1.02008,-0.0896583
-0.216036,-0.20217,0.546168,0.116913,0.0846428,-0.0613378,0.014616,-0.308131,-0.099175,-2.95369,-0.145233,-1.55036,-0.136273,-0.306588,0.303782,2.5158,-1.33844,-0.434166
-0.213873,-0.20111,0.544816,0.112618,0.0821177,-0.0657468,-0.00663242,-0.281865,-0.109077,-2.95478,-0.151113,-1.54358,-0.0731332,-0.400768,0.210574,2.6276,-1.63987,-0.89665
-0.211811,-0.200214,0.543508,0.107065,0.0801773,-0.0700149,-0.030482,-0.259881,-0.118584,-2.95499,-0.159246,-1.53753,-0.0293708,-0.441922,0.132186,2.61216,-1.58604,-1.17561
-0.209925,-0.199384,0.542205,0.100805,0.0776638,-0.0736982,-0.0539761,-0.249131,-0.124287,-2.95452,-0.168745,-1.53288,-0.000345017,-0.444985,0.0686159,2.51506,-1.32436,-1.29607
-0.208213,-0.198502,0.54088,0.0940637,0.0760816,-0.0760716,-0.0764135,-0.238098,-0.121931,-2.95334,-0.179349,-1.53061,0.0343376,-0.475276,-0.0134341,2.47428,-1.2924,-1.49478
-0.20662,-0.197518,0.539512,0.0870267,0.0753048,-0.0781902,-0.0968004,-0.226399,-0.119103,-2.95168,-0.190289,-1.53073,0.0789192,-0.527693,-0.107786,2.50705,-1.42626,-1.73294
-0.205133,-0.196487,0.538133,0.0798262,0.0736816,-0.0808427,-0.114441,-0.223654,-0.120436,-2.9501,-0.200685,-1.53235,0.115308,-0.553775,-0.18212,2.48493,-1.39432,-1.80713
-0.203798,-0.195423,0.536754,0.0723339,0.0708464,-0.0830354,-0.130764,-0.230282,-0.118867,-2.94849,-0.210769,-1.53563,0.137415,-0.550318,-0.233484,2.37261,-1.19291,-1.72606
-0.202679,-0.1942,0.535333,0.0646954,0.0679218,-0.0836646,-0.145937,-0.236093,-0.108154,-2.94571,-0.222803,-1.54245,0.150669,-0.541713,-0.281559,2.22401,-1.01498,-1.65842
-0.201772,-0.192788,0.533804,0.0574489,0.0639305,-0.0825518,-0.157683,-0.244661,-0.0895176,-2.94131,-0.236592,-1.55293,0.149231,-0.521253,-0.312154,2.02334,-0.837107,-1.54617
-0.201052,-0.19135,0.532196,0.0510144,0.0580028,-0.0801348,-0.164608,-0.259846,-0.0677897,-2.9367,-0.248191,-1.56428,0.126622,-0.479988,-0.309696,1.74182,-0.587618,-1.30616
-0.200478,-0.190083,0.530633,0.0452178,0.0516977,-0.0766874,-0.168862,-0.27186,-0.0451253,-2.93336,-0.255981,-1.57392,0.0908557,-0.435279,-0.293578,1.43142,-0.351299,-1.05892
-0.200007,-0.189023,0.529167,0.0398731,0.046425,-0.0725772,-0.172057,-0.273511,-0.0235898,-2.93061,-0.262738,-1.58254,0.0596371,-0.407452,-0.28691,1.20476,-0.247382,-0.93979
-0.199617,-0.188086,0.527815,0.0347755,0.041129,-0.0678192,-0.175561,-0.272938,-0.00275387,-2.9276,-0.27135,-1.59152,0.0235123,-0.367439,-0.271745,1.00167,-0.10483,-0.828054
-0.199291,-0.187311,0.526527,0.0297386,0.0351999,-0.0617625,-0.180288,-0.274856,0.0211758,-2.92503,-0.279512,-1.59947,-0.0273105,-0.314879,-0.240837,0.762153,0.0700276,-0.672068
-0.199023,-0.186778,0.525335,0.0252325,0.0299341,-0.054645,-0.182993,-0.27246,0.0461669,-2.9244,-0.2844,-1.60462,-0.0836811,-0.273828,-0.214276,0.536869,0.150053,-0.578037
-0.198814,-0.18644,0.524345,0.0216483,0.0255332,-0.0467115,-0.181459,-0.266239,0.0713302,-2.92594,-0.286969,-1.60772,-0.143251,-0.23897,-0.190822,0.326424,0.197275,-0.513874
-0.198643,-0.186208,0.523612,0.0190705,0.0214467,-0.0390047,-0.175593,-0.260434,0.0914858,-2.92935,-0.288855,-1.60997,-0.19872,-0.205935,-0.164542,0.164757,0.244139,-0.434853
-0.198477,-0.186094,0.523101,0.0168334,0.0180999,-0.0321283,-0.169696,-0.252974,0.104569,-2.93472,-0.289772,-1.6108,-0.240737,-0.183178,-0.144648,0.0914591,0.243931,-0.388908
-0.19831,-0.186061,0.522751,0.0145794,0.0153796,-0.0257195,-0.165598,-0.245105,0.114231,-2.9417,-0.289835,-1.61038,-0.27575,-0.161408,-0.128622,0.0455537,0.265084,-0.346414
-0.198166,-0.185999,0.522536,0.0123135,0.0134873,-0.0198248,-0.162914,-0.234981,0.120964,-2.94935,-0.290088,-1.6102,-0.306945,-0.141093,-0.117063,0.00247054,0.296776,-0.315173
-0.198062,-0.185881,0.522447,0.0102704,0.012403,-0.015015,-0.160056,-0.222206,0.122007,-2.95703,-0.290897,-1.61086,-0.328872,-0.125565,-0.111603,-0.000599035,0.308631,-0.313558
-0.197994,-0.185772,0.522484,0.00844044,0.0111742,-0.0108973,-0.157164,-0.212889,0.121049,-2.96529,-0.29114,-1.61134,-0.343884,-0.108748,-0.102757,0.0137039,0.34381,-0.278733
-0.197944,-0.185679,0.522646,0.00694365,0.00989062,-0.00728827,-0.15342,-0.206008,0.120129,-2.97422,-0.291296,-1.61162,-0.350978,-0.102868,-0.0929327,0.0441105,0.323171,-0.229075
-0.197875,-0.185553,0.522883,0.00606434,0.00933682,-0.00445488,-0.14679,-0.195943,0.117854,-2.9831,-0.292258,-1.61237,-0.350047,-0.100828,-0.0885898,0.0899398,0.288792,-0.212169
-0.197774,-0.185406,0.523142,0.00570696,0.00914814,-0.00212781,-0.137797,-0.185068,0.115877,-2.99148,-0.293525,-1.61328,-0.352792,-0.0825163,-0.0817957,0.0819529,0.361538,-0.177377
-0.197661,-0.185256,0.523357,0.00577829,0.008662,0.000475576,-0.127169,-0.177481,0.118147,-2.99897,-0.294697,-1.61411,-0.361679,-0.0652612,-0.0712822,0.021622,0.419007,-0.11993
-0.197573,-0.185086,0.523524,0.0060908,0.00794186,0.00322159,-0.116569,-0.172074,0.122379,-3.00558,-0.295883,-1.61515,-0.372823,-0.0517796,-0.0594542,-0.0498906,0.443636,-0.0614023
-0.197512,-0.184901,0.523677,0.00625877,0.00662747,0.00543764,-0.108687,-0.170459,0.123628,-3.01194,-0.296632,-1.61613,-0.38083,-0.0381051,-0.0442744,-0.0938252,0.466152,0.00876366
-0.19746,-0.184699,0.523815,0.00630863,0.00477523,0.00685203,-0.10313,-0.171361,0.120146,-3.01814,-0.297158,-1.61707,-0.384329,-0.0224769,-0.0270735,-0.102715,0.497451,0.0786766
-0.197396,-0.184508,0.52393,0.00648633,0.00268777,0.00787591,-0.0979909,-0.172358,0.114628,-3.02398,-0.297587,-1.61783,-0.389209,-0.00819425,-0.00774757,-0.11275,0.514514,0.147581
-0.197307,-0.184373,0.524059,0.00686583,0.000745488,0.009002,-0.092569,-0.171316,0.110328,-3.02975,-0.297757,-1.61796,-0.40045,0.00882464,0.0109044,-0.15227,0.544251,0.201471
-0.197174,-0.184271,0.524218,0.0070503,-0.000954674,0.0105089,-0.0889456,-0.167915,0.108884,-3.03569,-0.297969,-1.6177,-0.41713,0.0311453,0.0262671,-0.211131,0.597018,0.227162
-0.196987,-0.184177,0.524404,0.00694353,-0.00271766,0.0127836,-0.0869421,-0.164096,0.11228,-3.04215,-0.297471,-1.61726,-0.439467,0.051203,0.0429565,-0.29004,0.62687,0.255807
-0.196768,-0.184137,0.524643,0.0067294,-0.00416444,0.0155535,-0.0848536,-0.157842,0.118335,-3.04961,-0.295844,-1.61619,-0.467229,0.0696907,0.0600157,-0.390932,0.649224,0.284708
-0.196542,-0.184185,0.524955,0.00646066,-0.00478778,0.0174721,-0.0822401,-0.147061,0.118754,-3.10393,-0.2942,-1.61449,6.81084,0.0867642,0.0688238,43.4358,0.663199,0.264931
-0.196337,-0.184303,0.525285,0.00610582,-0.00516584,0.0188091,-0.0795129,-0.13651,0.115833,-3.09726,-0.292554,-1.61244,12.2315,0.10717,0.0742734,68.6798,0.695958,0.235191
-0.196172,-0.18448,0.52559,0.00571497,-0.00553773,0.0197736,-0.0767196,-0.128185,0.11083,-3.03066,-0.29051,-1.61011,16.3554,0.120465,0.0790381,80.9318,0.681952,0.215357
-0.196037,-0.18468,0.525879,0.00528583,-0.00583026,0.0203111,-0.0740999,-0.121552,0.103382,-2.89955,-0.288091,-1.60769,19.5782,0.13078,0.0817525,84.2873,0.654409,0.196205
-0.195914,-0.184866,0.526195,0.00476192,-0.00603513,0.0206901,-0.0720267,-0.116165,0.0956477,-2.69316,-0.285426,-1.60532,22.1495,0.139405,0.0844004,81.6639,0.623943,0.188966
-0.195807,-0.185015,0.526568,0.00425544,-0.00592161,0.0214787,-0.0698144,-0.110072,0.0916405,-2.39335,-0.28236,-1.60317,24.1978,0.146814,0.0861675,75.1518,0.596618,0.184618
-0.19573,-0.185125,0.527005,0.00388042,-0.00527431,0.0224662,-0.0670026,-0.101719,0.0901076,-1.97347,-0.279021,-1.60126,25.7478,0.150329,0.0833117,66.3043,0.557506,0.157557
-0.195671,-0.185196,0.527492,0.00370694,-0.00492779,0.0234095,-0.0633705,-0.0962154,0.089585,-1.39671,-0.275799,-1.59948,26.7046,0.150751,0.0842015,56.2249,0.511608,0.160995
-0.195612,-0.185218,0.527972,0.00384919,-0.0043737,0.0235654,-0.0583252,-0.0896488,0.085226,-0.613587,-0.272613,-1.59795,26.8466,0.148673,0.0820904,45.7416,0.463309,0.147179
-0.195549,-0.185201,0.52838,0.00408276,-0.00379465,0.0233321,-0.053418,-0.0829667,0.0792452,0.441536,-0.269562,-1.59687,25.7886,0.151129,0.0774984,35.4456,0.454937,0.117484
-0.195485,-0.185196,0.528743,0.00429027,-0.00285148,0.0229033,-0.0493739,-0.0743451,0.072633,1.22543,-0.266617,-1.5958,24.0051,0.154342,0.0677635,25.777,0.456662,0.0585636
-0.195416,-0.185206,0.529078,0.00409275,-0.00247507,0.0222192,-0.0483794,-0.0700206,0.064925,1.80361,-0.264173,-1.59471,21.8305,0.159031,0.0621277,16.9948,0.465881,0.0326437
-0.195347,-0.185224,0.529404,0.00381658,-0.00190862,0.0210507,-0.0480031,-0.0649453,0.0548971,2.22618,-0.261815,-1.59361,19.4969,0.157784,0.0539042,9.23393,0.434784,-0.00436991
-0.19528,-0.185229,0.529743,0.00381388,-0.00166888,0.0199272,-0.0459822,-0.0623475,0.046443,2.53121,-0.259569,-1.59256,17.148,0.165994,0.0518515,2.45977,0.461571,0.00321409
-0.195201,-0.185209,0.530115,0.003863,-0.00172856,0.0184961,-0.0437805,-0.0614884,0.0377453,2.74791,-0.257304,-1.59165,14.8878,0.176185,0.0502371,-3.32145,0.491399,0.0133904
-0.195105,-0.185164,0.530484,0.00370249,-0.00268433,0.0165516,-0.0428482,-0.0654819,0.0278347,2.89899,-0.255033,-1.59096,12.7843,0.187311,0.0495732,-8.11875,0.515609,0.0269215
-0.194996,-0.185134,0.530811,0.00339212,-0.00386811,0.0139725,-0.0424773,-0.0695648,0.0160853,3.00168,-0.252562,-1.59022,10.8736,0.196619,0.0465238,-11.9942,0.518157,0.0236172
-0.194882,-0.185099,0.531057,0.00285166,-0.00501366,0.0108354,-0.0429619,-0.071815,0.00286937,3.06912,-0.249745,-1.58985,9.16496,0.208909,0.0451839,-15.0696,0.532977,0.0274136
-0.194784,-0.185076,0.531238,0.00179848,-0.00587611,0.00705701,-0.0459555,-0.0708971,-0.0122047,3.11088,-0.246358,-1.58972,7.65718,0.224492,0.0420241,-17.4519,0.563813,0.0136069
-0.194716,-0.185069,0.531348,0.0002714,-0.00741973,0.00319634,-0.0509802,-0.0731009,-0.0255118,3.13432,-0.242696,-1.58971,6.33888,0.24541,0.042587,-19.2558,0.620882,0.0175055
-0.19469,-0.185128,0.531383,-0.00106711,-0.00917884,-0.00093594,-0.0538768,-0.075538,-0.0385383,3.14487,-0.238724,-1.58932,5.2036,0.262084,0.0425471,-20.5268,0.641757,0.0138797
-0.194681,-0.185232,0.531333,-0.00203354,-0.0104964,-0.0048025,-0.0537559,-0.0743234,-0.0481771,3.14656,-0.234513,-1.5888,4.23205,0.272426,0.0428914,-21.3716,0.618256,0.0111255
-0.194678,-0.185408,0.531217,-0.00301969,-0.0112061,-0.00811827,-0.0533015,-0.0694545,-0.0531649,3.14212,-0.229554,-1.58786,3.40432,0.280394,0.0414964,-21.8847,0.58649,0.00036131
-0.194703,-0.18564,0.53101,-0.00399716,-0.0122905,-0.0104789,-0.0524953,-0.0678626,-0.0520464,3.13428,-0.224382,-1.58698,2.70202,0.283012,0.0447612,-22.1332,0.530473,0.0213694
-0.19477,-0.18593,0.530707,-0.00474304,-0.0131242,-0.0117887,-0.0502875,-0.0657104,-0.0456758,3.12505,-0.219135,-1.58614,2.10376,0.283618,0.0473654,-22.1923,0.474405,0.0363965
-0.194873,-0.186226,0.530323,-0.00543573,-0.0131352,-0.0125862,-0.0482031,-0.0595547,-0.0387083,3.11538,-0.213872,-1.58539,1.59715,0.288919,0.0433743,-22.0783,0.459354,0.00878158
-0.195015,-0.186508,0.529879,-0.00602312,-0.0125644,-0.0129442,-0.0461978,-0.0512964,-0.0321913,3.10551,-0.208307,-1.58466,1.1717,0.294837,0.0389423,-21.8048,0.457177,-0.0175726
-0.195195,-0.186775,0.529406,-0.0063284,-0.011893,-0.0127111,-0.0434865,-0.0441235,-0.0254599,3.09567,-0.202547,-1.58407,0.814739,0.29942,0.0375818,-21.407,0.455415,-0.0220711
-0.195383,-0.187056,0.528957,-0.00617999,-0.0108023,-0.0124967,-0.0391857,-0.0362443,-0.0221202,3.08592,-0.196826,-1.58336,0.519979,0.299251,0.0356139,-20.8861,0.432315,-0.0287124
-0.195538,-0.187301,0.52855,-0.00571032,-0.00989158,-0.0122923,-0.0340428,-0.0312563,-0.0213269,3.07653,-0.191718,-1.58275,0.275213,0.299053,0.0380885,-20.2856,0.413515,-0.00722005
-0.19566,-0.187486,0.528229,-0.00529189,-0.0090219,-0.0124404,-0.0301968,-0.0274865,-0.024018,3.0671,-0.187111,-1.58212,0.0756665,0.300573,0.0396459,-19.6098,0.404022,0.00576806
-0.195766,-0.18763,0.528004,-0.00540327,-0.00830938,-0.0129559,-0.0303003,-0.025219,-0.0288103,3.0574,-0.182702,-1.58146,-0.0860491,0.314485,0.0390002,-18.8872,0.465019,0.00365974
-0.195858,-0.187776,0.527866,-0.00563196,-0.00671293,-0.0137882,-0.0311453,-0.0180586,-0.0341236,3.04739,-0.178259,-1.58061,-0.213248,0.327949,0.0295939,-18.1242,0.50637,-0.0493057
-0.195936,-0.187869,0.52777,-0.00564529,-0.00474651,-0.0145223,-0.0304247,-0.00956602,-0.0367657,3.03717,-0.173404,-1.58008,-0.312292,0.337774,0.0205271,-17.349,0.513025,-0.0922667
-0.196011,-0.187892,0.527661,-0.00541706,-0.00261298,-0.0153159,-0.0281513,-0.000800417,-0.0380254,3.02718,-0.167922,-1.57995,-0.384272,0.337259,0.0131047,-16.5538,0.453652,-0.121059
-0.196075,-0.187873,0.527516,-0.0050147,-0.000868778,-0.0155093,-0.0248875,0.00488058,-0.0342877,3.01782,-0.162317,-1.57977,-0.442515,0.344315,0.00901107,-15.8067,0.447673,-0.125628
-0.196121,-0.187841,0.527326,-0.00467042,0.000714583,-0.015488,-0.0220686,0.00913699,-0.0289899,3.00914,-0.15662,-1.57941,-0.48689,0.350538,0.00254826,-15.0854,0.436321,-0.141455
-0.196153,-0.187789,0.527069,-0.00452924,0.0021281,-0.0157585,-0.0204222,0.012035,-0.0261054,3.00127,-0.150836,-1.5791,-0.514801,0.353222,-0.00569202,-14.3568,0.403731,-0.162595
-0.196192,-0.187736,0.526755,-0.00458927,0.00346198,-0.0159831,-0.0198614,0.0140845,-0.0237947,2.99408,-0.144701,-1.57882,-0.529648,0.352825,-0.0132977,-13.6323,0.3588,-0.172548
-0.19626,-0.187653,0.526394,-0.00479434,0.0043949,-0.0159877,-0.0201755,0.0135258,-0.0213747,2.98764,-0.13817,-1.57902,-0.532559,0.349134,-0.0150828,-12.9094,0.306241,-0.144686
-0.196359,-0.187531,0.526022,-0.00500722,0.00588896,-0.0157357,-0.0206899,0.0168114,-0.0187839,2.98182,-0.131267,-1.57964,-0.527193,0.343303,-0.0205065,-12.2041,0.258857,-0.145912
-0.19645,-0.187332,0.525675,-0.00521827,0.00722004,-0.0153761,-0.0211988,0.0195398,-0.0167742,2.97659,-0.124892,-1.58071,-0.517418,0.335252,-0.0281119,-11.5332,0.211428,-0.166956
-0.196519,-0.1871,0.525379,-0.00497721,0.00758329,-0.014567,-0.0187092,0.0170289,-0.0127521,2.97179,-0.119151,-1.58168,-0.510726,0.327724,-0.0317699,-10.9355,0.175792,-0.165785
-0.196574,-0.186865,0.525134,-0.00410326,0.00686854,-0.0137383,-0.0124374,0.00933597,-0.00924609,2.96731,-0.113952,-1.58255,-0.506095,0.330248,-0.0294641,-10.3927,0.204084,-0.131559
-0.196624,-0.186659,0.52495,-0.00281743,0.00524857,-0.0135956,-0.00436162,-0.00190315,-0.00999734,2.96277,-0.108463,-1.58331,-0.496672,0.335335,-0.0198042,-9.85751,0.244331,-0.0599547
-0.19668,-0.186479,0.524777,-0.00137961,0.00313062,-0.0142397,0.00339611,-0.0136568,-0.0149208,2.95855,-0.103205,-1.58414,-0.481228,0.338177,-0.0039777,-9.31981,0.262362,0.03406
-0.196741,-0.186332,0.524582,2.65213e-05,0.00086055,-0.0150237,0.00945212,-0.0236802,-0.0196059,2.95496,-0.09827,-1.5848,-0.465388,0.345348,0.0137487,-8.81056,0.297297,0.120149
-0.196794,-0.186224,0.524379,0.00123081,-0.00123087,-0.0155208,0.0128124,-0.030165,-0.0214227,2.95185,-0.0934076,-1.58507,-0.449949,0.350546,0.0295809,-8.32866,0.306265,0.176952
-0.196829,-0.186166,0.524166,0.00249794,-0.00256758,-0.0148487,0.0154206,-0.0302099,-0.0153989,2.94908,-0.0884657,-1.58491,-0.442443,0.355193,0.0393407,-7.91502,0.301173,0.184558
-0.196824,-0.186133,0.523951,0.00348134,-0.00357958,-0.0133408,0.0154483,-0.0273332,-0.00479683,2.94628,-0.0832049,-1.58475,-0.436966,0.351398,0.0454423,-7.5258,0.238266,0.162721
-0.196763,-0.186188,0.523739,0.00435751,-0.00430335,-0.0118591,0.0147104,-0.0228597,0.00427149,2.94312,-0.0776169,-1.58425,-0.428699,0.344606,0.0493057,-7.13261,0.16261,0.126416
-0.196628,-0.186356,0.523538,0.005244,-0.00494447,-0.0110318,0.0146414,-0.019307,0.00805255,2.93948,-0.0715301,-1.58304,-0.416148,0.333957,0.0543405,-6.73315,0.0771004,0.10491
-0.196431,-0.18661,0.523316,0.00587328,-0.00557078,-0.0109538,0.0140176,-0.017754,0.00633525,2.93576,-0.0648989,-1.58113,-0.397538,0.321103,0.0602372,-6.32056,0.00081601,0.100742
-0.19621,-0.186904,0.523058,0.00605296,-0.00580633,-0.0116143,0.0119133,-0.0159866,-0.000445141,2.93236,-0.0584307,-1.5787,-0.37313,0.311567,0.0629601,-5.89831,-0.0329698,0.0915778
-0.195999,-0.187185,0.522793,0.00577165,-0.00517074,-0.0122684,0.00836841,-0.0110029,-0.00702471,2.92926,-0.0523804,-1.57616,-0.349337,0.303721,0.058511,-5.50796,-0.0423285,0.0548223
-0.195818,-0.187409,0.522578,0.00501368,-0.00392443,-0.0124683,0.00326812,-0.00441344,-0.010099,2.92617,-0.046627,-1.57403,-0.328573,0.292613,0.0492325,-5.16386,-0.0621447,0.00565634
-0.195675,-0.187547,0.52244,0.00420166,-0.00235475,-0.0120263,-0.000842585,0.00242273,-0.00818482,2.92308,-0.0415921,-1.57259,-0.313692,0.27821,0.0383077,-4.88066,-0.0963704,-0.0399327
-0.195563,-0.187594,0.522386,0.00356138,-0.000639674,-0.0115382,-0.00287204,0.00902246,-0.00479822,2.91989,-0.0373133,-1.57186,-0.300772,0.266805,0.0258946,-4.62968,-0.109893,-0.0867087
-0.195486,-0.187589,0.522343,0.00296924,0.00068125,-0.0117396,-0.00409806,0.0123641,-0.00454343,2.9171,-0.0338366,-1.57158,-0.28252,0.25453,0.0159228,-4.36032,-0.135394,-0.112875
-0.195427,-0.187557,0.522234,0.00229035,0.00177882,-0.0126707,-0.00551712,0.0139847,-0.00784011,2.91501,-0.0306486,-1.57146,-0.26013,0.243384,0.00607647,-4.07854,-0.160082,-0.135358
-0.195384,-0.187515,0.522023,0.00186652,0.00265834,-0.0136728,-0.00507795,0.0140586,-0.0110339,2.91362,-0.0275551,-1.57136,-0.240127,0.235257,-0.00102721,-3.82236,-0.171856,-0.137155
-0.195372,-0.187456,0.521732,0.00161223,0.00330464,-0.0144758,-0.00379478,0.0127318,-0.013154,2.9128,-0.0242616,-1.5714,-0.223712,0.227702,-0.00615253,-3.59302,-0.184145,-0.125934
-0.195393,-0.187352,0.521402,0.00135765,0.0035935,-0.0150115,-0.00310986,0.00980059,-0.0141989,2.91219,-0.0206797,-1.5718,-0.210969,0.224984,-0.0118184,-3.38761,-0.16683,-0.121705
-0.195435,-0.187196,0.521099,0.00102696,0.00368958,-0.0153729,-0.00359911,0.00699432,-0.0145348,2.91132,-0.0170968,-1.57265,-0.20103,0.225325,-0.0161178,-3.2022,-0.13443,-0.115584
-0.195487,-0.187024,0.52085,0.0008429,0.0045404,-0.0162866,-0.0037937,0.0102226,-0.018075,2.91003,-0.013747,-1.57364,-0.187914,0.22754,-0.0248441,-3.00331,-0.0987788,-0.144017
-0.195518,-0.186853,0.520634,0.000574702,0.00547419,-0.0179607,-0.00491892,0.014431,-0.0251358,2.90845,-0.0104501,-1.57469,-0.165057,0.221207,-0.0296041,-2.75825,-0.12476,-0.150298
-0.195527,-0.186699,0.520388,0.000154993,0.00619636,-0.0198806,-0.00698435,0.017382,-0.0320917,2.90712,-0.00710264,-1.57569,-0.139559,0.216162,-0.0329758,-2.51805,-0.142496,-0.152004
-0.195528,-0.186581,0.520073,-0.00017631,0.00678528,-0.0218582,-0.0082563,0.0192393,-0.0381575,2.9064,-0.00386731,-1.57646,-0.112981,0.211151,-0.0381199,-2.28985,-0.161101,-0.166269
-0.195528,-0.186477,0.519703,-8.99794e-05,0.00648223,-0.0238929,-0.00676732,0.0152933,-0.0436506,2.90606,-0.000548439,-1.57721,-0.08588,0.203973,-0.0344316,-2.07614,-0.192172,-0.125739
-0.195515,-0.186388,0.519311,0.000329392,0.00554269,-0.0258403,-0.00330029,0.00781913,-0.0476467,2.90585,0.00292546,-1.57782,-0.0616711,0.194938,-0.0211777,-1.89922,-0.229244,-0.0329432
-0.195501,-0.186313,0.518896,0.000538778,0.00518117,-0.0278133,-0.00149209,0.00470283,-0.0509174,2.90579,0.00646481,-1.5783,-0.0356631,0.186787,-0.0134485,-1.72805,-0.25252,0.0120288
-0.195497,-0.186235,0.518443,0.000372895,0.005356,-0.0294243,-0.00226874,0.00518078,-0.0512509,2.90611,0.0101855,-1.57883,-0.00908021,0.174451,-0.0116368,-1.57015,-0.291316,0.0115829
-0.195508,-0.186121,0.51793,0.000187966,0.00547029,-0.030131,-0.00322262,0.00546649,-0.0460964,2.9071,0.0137075,-1.57941,0.0108762,0.163139,-0.00849841,-1.46537,-0.311483,0.0150332
-0.195524,-0.185952,0.517339,0.000199179,0.00493079,-0.0302824,-0.00303831,0.00253007,-0.0390188,2.90899,0.0167792,-1.58009,0.0276639,0.147147,-0.00122946,-1.3794,-0.352714,0.0371251
-0.195547,-0.185797,0.516699,0.000580534,0.00372354,-0.0301187,-0.000903919,-0.00328151,-0.032259,2.91174,0.0190585,-1.58039,0.0409814,0.134498,0.00916715,-1.30542,-0.368508,0.0717449
-0.195564,-0.185691,0.516055,0.00146241,0.00249459,-0.0297276,0.00368745,-0.00791432,-0.0264182,2.91475,0.0211079,-1.58035,0.0500165,0.127025,0.0209574,-1.24587,-0.351442,0.108013
-0.195548,-0.185647,0.515427,0.00216642,0.001612,-0.0293833,0.00644324,-0.00969285,-0.0229962,2.91781,0.022919,-1.57989,0.0605839,0.113922,0.0305196,-1.16414,-0.37294,0.125986
-0.195493,-0.18567,0.514821,0.00223638,0.000450388,-0.0286995,0.00511893,-0.013346,-0.0191817,2.92081,0.0243726,-1.57868,0.0679376,0.103658,0.0403543,-1.09417,-0.377632,0.149296
-0.195427,-0.185714,0.514259,0.00173152,-0.000157493,-0.0280666,0.000744092,-0.0135726,-0.0171073,2.92358,0.0255962,-1.57718,0.0730721,0.0976831,0.0444848,-1.03146,-0.359709,0.142342
-0.195387,-0.185721,0.513752,0.00133109,-0.000732573,-0.0276787,-0.00229475,-0.0135351,-0.0172915,2.92624,0.0267245,-1.5762,0.0796493,0.0951571,0.0503387,-0.954551,-0.327529,0.148622
-0.195367,-0.185719,0.513315,0.00139518,-0.00202507,-0.0272151,-0.00211938,-0.0176361,-0.0168187,2.92864,0.0276504,-1.57547,0.082439,0.0974631,0.06534,-0.90087,-0.276497,0.207899
-0.195336,-0.185759,0.512947,0.00185513,-0.00338784,-0.0267108,0.000511445,-0.0215754,-0.0153806,2.9306,0.028629,-1.57439,0.0796463,0.106316,0.0802798,-0.882868,-0.198935,0.257755
-0.195277,-0.185856,0.512599,0.00216109,-0.00506157,-0.0265586,0.00210897,-0.0271684,-0.0153502,2.93242,0.0296296,-1.5729,0.076537,0.114139,0.0975961,-0.864458,-0.146204,0.315751
-0.195199,-0.18599,0.512245,0.00238092,-0.00643086,-0.0270201,0.00338959,-0.0305323,-0.0181895,2.9342,0.0309333,-1.57111,0.0716908,0.134718,0.11524,-0.854128,-0.0296351,0.368255
-0.19512,-0.186126,0.51187,0.00232896,-0.00682957,-0.0280773,0.00323867,-0.0277322,-0.0234912,2.93595,0.0326235,-1.56915,0.071423,0.151383,0.130441,-0.811745,0.0406146,0.39792
-0.195084,-0.186261,0.511461,0.00202346,-0.00649083,-0.029139,0.00155224,-0.0209598,-0.0274568,2.93786,0.0344272,-1.56708,0.0729433,0.159282,0.14307,-0.757017,0.0394879,0.405526
-0.195094,-0.186411,0.511026,0.00196598,-0.00600587,-0.0292115,0.00117092,-0.0145964,-0.0243047,2.93973,0.0367336,-1.56476,0.0628653,0.176292,0.157863,-0.773637,0.0890963,0.423226
-0.195113,-0.186554,0.510555,0.00224198,-0.0046795,-0.0287563,0.00233696,-0.00439152,-0.018165,2.94148,0.0396809,-1.56216,0.0452842,0.195777,0.165779,-0.826034,0.145472,0.394906
-0.195094,-0.186715,0.510059,0.00251364,-0.00298917,-0.0275962,0.00311194,0.00576552,-0.00871925,2.94303,0.0432801,-1.55891,0.0220722,0.210177,0.169792,-0.896533,0.16493,0.350351
-0.195033,-0.186902,0.509565,0.00266044,-0.000824969,-0.0257475,0.00319776,0.015958,0.00326259,2.94405,0.0474124,-1.55503,-0.00946937,0.233069,0.171196,-1.00025,0.238088,0.305733
-0.194954,-0.187064,0.509073,0.00247234,0.00271042,-0.0238053,0.00157472,0.031455,0.0134885,2.94447,0.0520776,-1.55105,-0.0444025,0.256608,0.162646,-1.10281,0.311326,0.21753
-0.194891,-0.187168,0.508572,0.00227174,0.0068805,-0.0219465,0.000313422,0.046956,0.0206611,2.9445,0.0570546,-1.54707,-0.0771823,0.27196,0.149046,-1.16825,0.330127,0.123491
-0.194844,-0.187146,0.508073,0.00232716,0.0101786,-0.0198829,0.000880852,0.0538064,0.0266136,2.94408,0.0625537,-1.54347,-0.108993,0.282619,0.142464,-1.20757,0.326118,0.0967722
-0.194812,-0.186986,0.507622,0.00226264,0.0134323,-0.0179975,0.000577198,0.0590414,0.0292747,2.94319,0.0677247,-1.54033,-0.136074,0.285078,0.135517,-1.20059,0.276197,0.0798852
-0.19478,-0.186724,0.507278,0.0015338,0.0175442,-0.0165546,-0.00377657,0.0688243,0.0282182,2.94129,0.0727806,-1.53758,-0.157585,0.280669,0.117548,-1.15394,0.19342,0.00426354
-0.194732,-0.18638,0.507063,8.48849e-06,0.022424,-0.0152063,-0.0121169,0.0821015,0.0271432,2.93795,0.0784377,-1.53523,-0.178807,0.275327,0.0893662,-1.11631,0.125568,-0.117718
-0.194683,-0.185922,0.506931,-0.00234292,0.027753,-0.0138901,-0.0237763,0.0967496,0.0270564,2.93361,0.0841568,-1.53371,-0.198111,0.270643,0.0536069,-1.08327,0.0821637,-0.267003
-0.194663,-0.18537,0.506863,-0.00514005,0.0324432,-0.0129684,-0.0358438,0.106007,0.0260888,2.92853,0.0897792,-1.53289,-0.208079,0.261654,0.0205803,-1.01381,0.0298646,-0.377653
-0.194687,-0.184714,0.50682,-0.00789205,0.0360146,-0.0122514,-0.0452026,0.107949,0.0256465,2.92299,0.0956085,-1.53272,-0.210583,0.249226,-0.00572341,-0.927965,-0.020753,-0.431618
-0.19476,-0.183956,0.50675,-0.0105604,0.0385839,-0.0114254,-0.0519923,0.104767,0.0272103,2.91761,0.100865,-1.53328,-0.207624,0.232472,-0.0296546,-0.838797,-0.0785297,-0.466051
-0.194876,-0.183165,0.506641,-0.0129981,0.0399234,-0.00989351,-0.0556166,0.0957154,0.0336131,2.91284,0.105105,-1.53411,-0.206773,0.215625,-0.0513463,-0.787754,-0.123843,-0.483119
-0.195047,-0.182384,0.50651,-0.0153018,0.040627,-0.0084643,-0.0572203,0.0849451,0.0387991,2.90861,0.108591,-1.53503,-0.202612,0.194344,-0.0711345,-0.731648,-0.18942,-0.484415
-0.195316,-0.181537,0.506354,-0.0169862,0.0407975,-0.00766433,-0.054724,0.0739182,0.0392239,2.905,0.111232,-1.53681,-0.193133,0.17614,-0.0879078,-0.653676,-0.231647,-0.470796
-0.1957,-0.180603,0.506185,-0.0180483,0.0401081,-0.0070259,-0.0495673,0.0616138,0.0381159,2.90182,0.113415,-1.53982,-0.179851,0.158502,-0.10022,-0.563573,-0.270651,-0.445363
-0.196175,-0.179644,0.506035,-0.0182397,0.0388145,-0.00566538,-0.0413919,0.0502318,0.0411301,2.89882,0.115526,-1.54354,-0.168839,0.142499,-0.109994,-0.500559,-0.298169,-0.427131
-0.196695,-0.178731,0.505913,-0.0178863,0.0365234,-0.00331561,-0.0330952,0.0370954,0.0493571,2.89619,0.117532,-1.54743,-0.161021,0.122997,-0.109972,-0.464716,-0.34535,-0.371517
-0.197207,-0.177949,0.505824,-0.0169189,0.0334738,-0.000286381,-0.0243128,0.0230609,0.0600961,2.89415,0.119105,-1.55074,-0.160125,0.10717,-0.106264,-0.470305,-0.366935,-0.315548
-0.197668,-0.177313,0.505796,-0.0153737,0.0295702,0.00289073,-0.0150581,0.00678945,0.0698466,2.89235,0.120337,-1.55345,-0.165128,0.0956737,-0.0965824,-0.502885,-0.363316,-0.240352
-0.198063,-0.17681,0.50585,-0.0137102,0.0257441,0.00523309,-0.00784561,-0.00639477,0.0730277,2.89048,0.121262,-1.5558,-0.166688,0.085061,-0.0852472,-0.501563,-0.360231,-0.173262
-0.198378,-0.176431,0.505972,-0.0123514,0.022374,0.00688842,-0.00448654,-0.0151921,0.0717414,2.88841,0.12197,-1.55775,-0.166424,0.0803089,-0.0756882,-0.482438,-0.32793,-0.132195
-0.198616,-0.176137,0.506102,-0.0112545,0.0199577,0.00825229,-0.00365534,-0.0174627,0.0688173,2.88653,0.122414,-1.55928,-0.16668,0.0795313,-0.0722543,-0.460178,-0.284054,-0.137512
-0.198766,-0.17591,0.506241,-0.0105764,0.0180479,0.00920023,-0.00525642,-0.0171148,0.0635909,2.88475,0.122988,-1.56047,-0.162878,0.0759006,-0.0683395,-0.406064,-0.270533,-0.139852
-0.198852,-0.175753,0.506438,-0.00999912,0.0170143,0.0102829,-0.00647934,-0.0126784,0.0601641,2.88281,0.123541,-1.56134,-0.158245,0.0701631,-0.0649982,-0.346386,-0.278412,-0.143529
-0.19889,-0.175648,0.506735,-0.009768,0.0166312,0.0108539,-0.00844292,-0.00647812,0.0552128,2.88034,0.124122,-1.56194,-0.149601,0.062712,-0.0641266,-0.268739,-0.301243,-0.157468
-0.198914,-0.175594,0.5071,-0.00986472,0.0163412,0.0111043,-0.0107912,-0.00266613,0.0507538,2.87745,0.124673,-1.56208,-0.140646,0.0539071,-0.0636521,-0.204019,-0.333885,-0.16306
-0.198936,-0.175564,0.507468,-0.0101814,0.0161542,0.0112324,-0.0127449,-0.00110978,0.0479696,2.87429,0.125497,-1.56215,-0.134456,0.0519112,-0.0642136,-0.173555,-0.321143,-0.164363
-0.19898,-0.17553,0.507785,-0.0105677,0.0166209,0.0106782,-0.0135754,0.00185077,0.0427307,2.87126,0.126582,-1.56219,-0.123545,0.0476206,-0.0671128,-0.127215,-0.321661,-0.169316
-0.199077,-0.175426,0.508011,-0.0110337,0.0178712,0.00979765,-0.0139372,0.00738303,0.0367412,2.86887,0.127738,-1.56257,-0.109842,0.0394308,-0.075885,-0.0745683,-0.341821,-0.201526
-0.199236,-0.175224,0.508172,-0.011508,0.0190372,0.0091716,-0.0139884,0.0105935,0.0331565,2.86704,0.128918,-1.56349,-0.101224,0.0392683,-0.0876047,-0.0612593,-0.304619,-0.243203
-0.199435,-0.17492,0.508304,-0.0121737,0.0197815,0.00798388,-0.01522,0.0105613,0.0265079,2.86563,0.129859,-1.56496,-0.0907127,0.0416482,-0.0952461,-0.0365615,-0.253712,-0.253838
-0.199662,-0.174555,0.508417,-0.0134283,0.0202726,0.00562804,-0.0200396,0.00924656,0.0135446,2.86472,0.130343,-1.56655,-0.071397,0.0403292,-0.10002,0.0431918,-0.234031,-0.244985
-0.199899,-0.174139,0.508518,-0.0148778,0.0202138,0.00298313,-0.0254513,0.00547864,0.000802831,2.86413,0.130538,-1.56832,-0.0506187,0.0371393,-0.100183,0.125688,-0.232965,-0.209674
-0.200161,-0.173716,0.508575,-0.0158576,0.0199558,0.00125813,-0.0273191,0.00183531,-0.00438078,2.86392,0.130516,-1.57017,-0.043981,0.0501537,-0.10575,0.116009,-0.139906,-0.213433
-0.200437,-0.173319,0.508604,-0.0163924,0.0198344,2.971e-05,-0.026264,0.000147701,-0.00558975,2.86368,0.130678,-1.57205,-0.0442205,0.0676399,-0.11481,0.0698957,-0.039645,-0.238562
-0.200717,-0.17293,0.508608,-0.0167783,0.019429,-0.00186956,-0.0244453,-0.00245081,-0.0105128,2.86329,0.131455,-1.57414,-0.033714,0.0709302,-0.118035,0.0980812,-0.0437016,-0.225946
-0.201002,-0.172525,0.50855,-0.0169395,0.018266,-0.00390128,-0.0214941,-0.00845937,-0.0156623,2.86318,0.132301,-1.57649,-0.0185824,0.0720682,-0.114998,0.15417,-0.0643521,-0.180487
-0.201301,-0.172131,0.508443,-0.0169988,0.0168657,-0.00604788,-0.0184408,-0.0141212,-0.0210368,2.86323,0.133371,-1.57906,-0.000800396,0.0769183,-0.108705,0.22127,-0.0616473,-0.127936
-0.201621,-0.1718,0.508292,-0.01716,0.0157249,-0.00874195,-0.0167496,-0.0168321,-0.0293094,2.86329,0.135155,-1.58148,0.0244908,0.0731145,-0.0992882,0.324406,-0.107538,-0.0699113
-0.201971,-0.171532,0.508052,-0.0175085,0.0151502,-0.0116308,-0.0170488,-0.015567,-0.0383787,2.86393,0.137013,-1.58342,0.0492858,0.0709448,-0.0931364,0.411287,-0.131136,-0.0428686
-0.202344,-0.171303,0.507739,-0.0183281,0.0147066,-0.0146268,-0.0209709,-0.0138187,-0.0478515,2.86514,0.138723,-1.58505,0.072265,0.0733854,-0.0899418,0.477673,-0.118406,-0.0388083
-0.202698,-0.171108,0.507428,-0.0193547,0.0144851,-0.0172747,-0.0260821,-0.0113875,-0.0543808,2.86626,0.140694,-1.58655,0.0948266,0.0710344,-0.0903793,0.529906,-0.129159,-0.0577817
-0.20301,-0.170917,0.507143,-0.0198947,0.0136791,-0.0189224,-0.0274098,-0.0132781,-0.0536922,2.86705,0.143198,-1.58831,0.112547,0.0668678,-0.0855538,0.535617,-0.135948,-0.045217
-0.2033,-0.17073,0.506822,-0.0198998,0.0125031,-0.0194576,-0.0248556,-0.0175112,-0.0461855,2.86847,0.145102,-1.58988,0.122879,0.0633189,-0.07799,0.488968,-0.129603,-0.0197284
-0.203588,-0.170575,0.506423,-0.0196507,0.0109064,-0.0193657,-0.0206344,-0.0241821,-0.0364844,2.87119,0.145919,-1.59082,0.126733,0.0605957,-0.067145,0.414183,-0.12102,0.0251491
-0.203588,-0.170575,0.506423,-0.0196507,0.0109064,-0.0193657,-0.0206344,-0.0241821,-0.0364844,2.87119,0.145919,-1.59082,0.126733,0.0605957,-0.067145,0.414183,-0.12102,0.0251491
-0.203877,-0.170454,0.505996,-0.019732,0.00990891,-0.0211641,-0.0185817,-0.026838,-0.0405179,2.87449,0.146573,-1.59131,0.143712,0.055508,-0.0611172,0.439883,-0.131163,0.0402914
-0.204192,-0.170313,0.50552,-0.0196151,0.00832206,-0.0229269,-0.0154291,-0.0328869,-0.0448932,2.87828,0.147233,-1.59177,0.163786,0.0480279,-0.0503036,0.493489,-0.156717,0.0875941
-0.204544,-0.170143,0.504994,-0.0193772,0.00658906,-0.0246292,-0.0122059,-0.0385938,-0.0496353,2.88246,0.147555,-1.5923,0.184715,0.0447347,-0.0377346,0.558377,-0.15777,0.14156
-0.20493,-0.169967,0.504463,-0.0191932,0.00508188,-0.0267561,-0.0103812,-0.0413595,-0.0574401,2.88647,0.148219,-1.59311,0.211765,0.0336762,-0.02267,0.659832,-0.206396,0.200752
-0.205334,-0.16983,0.503951,-0.0191602,0.00405706,-0.0291238,-0.0105898,-0.0401492,-0.066211,2.89032,0.148993,-1.59391,0.238229,0.0248945,-0.01054,0.74568,-0.231845,0.228744
-0.205708,-0.169746,0.503494,-0.0196395,0.00309006,-0.0318458,-0.0144637,-0.0384427,-0.0755295,2.89399,0.149461,-1.59447,0.26409,0.0214607,-0.000794819,0.811585,-0.220203,0.233463
-0.206021,-0.169743,0.50309,-0.0204282,0.0023368,-0.0345462,-0.0195569,-0.0360338,-0.0819999,2.89743,0.149934,-1.59439,0.291068,0.014247,0.00524801,0.863657,-0.23143,0.214817
-0.206299,-0.169786,0.502669,-0.0208162,0.00104712,-0.0365057,-0.020881,-0.0379304,-0.081299,2.90108,0.150335,-1.59396,0.313957,0.00711411,0.0156117,0.869335,-0.238324,0.227465
