timestamp,x_integrated,y_integrated,z_integrated,rx_integrated,ry_integrated,rz_integrated,x_actual,y_actual,z_actual,rx_actual,ry_actual,rz_actual,x_error,y_error,z_error,rx_error,ry_error,rz_error
0.0,-0.324558,-0.458872,0.541914,2.86265,-0.526125,-1.74918,-0.324558,-0.458872,0.541914,2.86265,-0.526125,-1.74918,0.0,0.0,0.0,0.0,0.0,0.0
0.016666666666666666,-0.32492337833333335,-0.46117865,0.53997275,2.8800716666666664,-0.50888,-1.7445913,-0.325055,-0.462008,0.539275,2.88634,-0.502676,-1.74294,0.000131621666666637,0.000829349999999951,0.0006977500000000525,-0.006268333333333764,-0.006203999999999987,-0.0016513000000000222
0.03333333333333333,-0.3252407916666667,-0.46350518333333335,0.5381964166666666,2.8973016666666664,-0.4836506666666667,-1.7422787166666667,-0.325333,-0.464338,0.537637,2.90333,-0.471338,-1.74242,9.220833333328793e-05,0.0008328166666666248,0.0005594166666665901,-0.006028333333333524,-0.012312666666666694,0.00014128333333340848
0.05,-0.3254460316666667,-0.4653351333333334,0.5368899666666667,2.9122185333333332,-0.4626186666666667,-1.7419877,-0.325387,-0.465486,0.536971,2.91503,-0.456174,-1.74484,-5.9031666666709004e-05,0.00015086666666663806,-8.103333333331353e-05,-0.00281146666666654,-0.006444666666666654,0.00285230000000003
0.06666666666666667,-0.3256393266666667,-0.46674520333333336,0.5356659833333334,2.927572983333333,-0.45010218333333335,-1.742572885,-0.325561,-0.466128,0.535891,2.93113,-0.459371,-1.74693,-7.832666666668375e-05,-0.0006172033333333715,-0.00022501666666663311,-0.003557016666666968,0.009268816666666624,0.0043571150000001335
0.08333333333333333,-0.32584129833333336,-0.467718895,0.5342134416666667,2.9452236499999995,-0.4465226166666667,-1.7454645516666667,-0.325785,-0.466215,0.533933,2.95359,-0.474119,-1.75456,-5.629833333337109e-05,-0.0015038950000000328,0.000280441666666742,-0.008366350000000633,0.027596383333333308,0.0090954483333332
0.1,-0.32606264833333337,-0.46822440000000004,0.5323495583333334,2.9659531499999994,-0.4494523166666667,-1.7517906183333334,-0.326052,-0.465808,0.531182,2.98062,-0.489007,-1.7679,-1.0648333333362903e-05,-0.0024164000000000407,0.0011675583333333739,-0.014666850000000675,0.03955468333333334,0.016109381666666645
0.11666666666666667,-0.3263067066666667,-0.4683184825,0.5301571250000001,2.988505483333333,-0.4556856166666667,-1.7605271683333334,-0.326342,-0.465253,0.528415,3.00579,-0.498341,-1.78035,3.5293333333297205e-05,-0.003065482499999994,0.0017421250000001498,-0.017284516666667304,0.0426553833333333,0.01982283166666665
0.13333333333333333,-0.3265766283333334,-0.4682699221666667,0.5280515083333335,3.009360983333333,-0.46215215000000004,-1.7684772850000001,-0.326656,-0.465255,0.526731,3.02122,-0.500654,-1.78447,7.937166666660556e-05,-0.0030149221666667114,0.0013205083333335255,-0.011859016666667,0.038501850000000004,0.01599271499999988
0.15,-0.32682449500000005,-0.4684849721666667,0.5265833133333335,3.023833333333333,-0.4658362666666667,-1.7713601683333335,-0.326839,-0.466387,0.526787,3.02122,-0.494359,-1.77504,1.450499999994248e-05,-0.002097972166666684,-0.0002036866666664805,0.0026133333333331343,0.028522733333333272,0.003679831666666411
0.16666666666666666,-0.32694119450000003,-0.46918794383333334,0.5260845133333335,3.028688883333333,-0.4633859333333334,-1.766905951666667,-0.326661,-0.468366,0.528307,3.00675,-0.476033,-1.75516,-0.00028019450000005275,-0.0008219438333333384,-0.0022224866666664678,0.02193888333333316,0.012647066666666595,-0.01174595166666692
0.18333333333333332,-0.32682551150000005,-0.4704193721666667,0.5266079500000002,3.022675383333333,-0.45194651666666674,-1.7549241183333337,-0.326056,-0.47081,0.530712,2.98103,-0.44413,-1.72929,-0.0007695115000000419,0.0003906278333333235,-0.004104049999999804,0.04164538333333301,-0.007816516666666717,-0.025634118333333733
0.2,-0.3264208698333334,-0.4722069055,0.5279379466666668,3.0068915666666665,-0.4295656833333334,-1.7360721183333336,-0.325076,-0.47375,0.533192,2.95038,-0.398651,-1.69967,-0.0013448698333334286,0.0015430945000000085,-0.005254053333333175,0.05651156666666646,-0.030914683333333415,-0.03640211833333362
0.21666666666666667,-0.3257377581666667,-0.4745505055,0.5297399133333335,2.983306733333333,-0.3937321833333334,-1.7122617850000004,-0.323897,-0.477144,0.535155,2.91851,-0.335187,-1.67112,-0.0018407581666667339,0.0025934945000000154,-0.005415086666666569,0.06479673333333302,-0.05854518333333336,-0.04114178500000043
0.23333333333333334,-0.32481677650000007,-0.47745477216666665,0.5317572633333335,2.9539320666666664,-0.34374518333333337,-1.685718451666667,-0.322634,-0.481029,0.536584,2.88728,-0.257714,-1.64657,-0.0021827765000000943,0.003574227833333332,-0.004826736666666442,0.06665206666666634,-0.08603118333333337,-0.03914845166666692
0.25,-0.32369284150000005,-0.4809460388333333,0.5338698966666668,2.9208372333333332,-0.2822106833333334,-1.6573636183333336,-0.321298,-0.485513,0.53777,2.85887,-0.178475,-1.62297,-0.0023948415000000778,0.004566961166666661,-0.003900103333333127,0.061967233333333205,-0.10373568333333338,-0.03439361833333354
0.26666666666666666,-0.32237200650000003,-0.4850234055,0.5360628966666668,2.885590233333333,-0.21280835000000003,-1.6271931183333335,-0.319801,-0.490517,0.53903,2.83327,-0.104489,-1.59735,-0.002571006500000028,0.005493594499999976,-0.0029671033333331653,0.05232023333333302,-0.10831935000000004,-0.029843118333333418
0.2833333333333333,-0.32087708983333335,-0.4896213721666667,0.5382244133333335,2.850088233333333,-0.13770018333333336,-1.5952807850000001,-0.318221,-0.495761,0.539909,2.81366,-0.0327085,-1.57009,-0.002656089833333375,0.006139627833333328,-0.0016845866666664877,0.036428233333333004,-0.10499168333333336,-0.02519078500000016
0.3,-0.3192250715,-0.49455578883333334,0.5402369633333335,2.8154305666666666,-0.05792535000000004,-1.5626237850000002,-0.316554,-0.500619,0.540253,2.79835,0.0398934,-1.54564,-0.0026710715000000107,0.006063211166666693,-1.6036666666496835e-05,0.017080566666666464,-0.09781875000000004,-0.016983785000000307
0.31666666666666665,-0.3174887215,-0.4995681221666667,0.5419997300000001,2.7824940666666667,0.024250483333333295,-1.5306582850000001,-0.315094,-0.504529,0.540014,2.78748,0.106111,-1.52728,-0.00239472150000003,0.0049608778333333214,0.00198573000000013,-0.004985933333333303,-0.0818605166666667,-0.0033782850000001474
0.3333333333333333,-0.31577535483333335,-0.5043424721666667,0.5435094950000001,2.7525030666666668,0.10440648333333329,-1.5012751183333335,-0.3141,-0.506912,0.539583,2.7839,0.152272,-1.51894,-0.0016753548333333645,0.002569527833333307,0.003926495000000085,-0.031396933333333266,-0.047865516666666705,0.017664881666666465
0.35,-0.3141627831666667,-0.5086846721666667,0.5448568000000001,2.7261714,0.17819898333333328,-1.4753254516666667,-0.313527,-0.508084,0.539459,2.78624,0.173938,-1.51708,-0.0006357831666666813,-0.0006006721666667048,0.005397800000000119,-0.060068599999999694,0.004260983333333274,0.04175454833333325
0.36666666666666664,-0.3127091965,-0.5125577221666667,0.5461007150000001,2.7037767333333336,0.24345964999999994,-1.4524709516666667,-0.313353,-0.508718,0.539557,2.79286,0.178636,-1.51593,0.0006438034999999842,-0.003839722166666726,0.006543715000000172,-0.08908326666666655,0.06482364999999995,0.06345904833333327
0.3833333333333333,-0.3114289565,-0.5159902721666667,0.5472637183333334,2.6848734000000003,0.30096164999999997,-1.432329285,-0.313382,-0.509155,0.539719,2.79987,0.181295,-1.51493,0.0019530434999999735,-0.006835272166666684,0.007544718333333478,-0.11499659999999956,0.11966664999999996,0.0826007150000001
0.4,-0.31030367150000004,-0.5190457555000001,0.5483140616666667,2.668910016666667,0.35307564999999996,-1.414584285,-0.313432,-0.509634,0.539634,2.80619,0.19247,-1.51412,0.003128328499999944,-0.009411755500000063,0.008680061666666794,-0.1372799833333329,0.16060564999999996,0.0995357149999998
0.4166666666666667,-0.3092946848333334,-0.5218277555,0.5492094133333334,2.6554100000000003,0.4021414833333333,-1.398644035,-0.313355,-0.510474,0.539197,2.81175,0.214438,-1.51141,0.004060315166666606,-0.011353755500000062,0.010012413333333359,-0.1563399999999997,0.18770348333333334,0.11276596499999991
0.43333333333333335,-0.3083611498333334,-0.5243194555,0.5499672183333334,2.6441709500000004,0.44812815,-1.3848326850000001,-0.313097,-0.510982,0.538757,2.81791,0.233888,-1.51231,0.004735850166666611,-0.013337455499999984,0.011210218333333355,-0.17373904999999956,0.21424015,0.12747731499999992
0.45,-0.30746967650000007,-0.5264314555,0.5506327033333334,2.635290816666667,0.48941581666666667,-1.3739421516666668,-0.312667,-0.510635,0.538523,2.82655,0.239768,-1.52041,0.005197323499999906,-0.015796455500000084,0.012109703333333388,-0.19125918333333303,0.24964781666666666,0.14646784833333326
0.4666666666666667,-0.3065928498333334,-0.5281076721666667,0.5512448933333334,2.6289804166666673,0.5241904833333333,-1.366288385,-0.312071,-0.50957,0.538499,2.83861,0.22888,-1.53321,0.005478150166666584,-0.018537672166666685,0.012745893333333425,-0.20962958333333281,0.2953104833333333,0.1669216149999999
0.48333333333333334,-0.30571334816666673,-0.5293650938333333,0.5518236266666667,2.6253358166666674,0.5516963166666666,-1.3614174516666666,-0.311354,-0.508264,0.538583,2.85349,0.207015,-1.54538,0.005640651833333288,-0.02110109383333325,0.0132406266666667,-0.22815418333333248,0.3446813166666666,0.18396254833333336
0.5,-0.30482308316666673,-0.5302785405,0.552390165,2.6240358450000008,0.57253015,-1.3584380016666666,-0.31057,-0.507171,0.538807,2.86815,0.18362,-1.55311,0.005746916833333282,-0.023107540499999968,0.013583165000000008,-0.24411415499999922,0.38891014999999995,0.19467199833333337
0.5166666666666666,-0.3039122398333334,-0.5309532371666666,0.55296869,2.624454728333334,0.5885019499999999,-1.356502435,-0.309696,-0.506611,0.539217,2.87985,0.168841,-1.55581,0.005783760166666652,-0.024342237166666614,0.013751690000000094,-0.25539527166666565,0.4196609499999999,0.19930756500000002
0.5333333333333333,-0.3029684748333334,-0.5315154205,0.5535533783333334,2.6260818633333343,0.6019213,-1.3548237016666667,-0.3087,-0.506866,0.539596,2.88887,0.168652,-1.55305,0.0057315251666665845,-0.024649420499999963,0.013957378333333437,-0.26278813666666556,0.43326929999999997,0.19822629833333338
0.55,-0.30197894316666674,-0.5320740671666667,0.554120135,2.6286684300000007,0.61478425,-1.3529479516666667,-0.307565,-0.507926,0.539783,2.89686,0.182902,-1.54677,0.005586056833333242,-0.02414806716666673,0.014337135,-0.2681915699999995,0.43188225,0.19382204833333327
0.5666666666666667,-0.30094535150000007,-0.5326521921666667,0.5546495216666667,2.632297430000001,0.6276491666666667,-1.351117685,-0.306403,-0.509172,0.539793,2.9064,0.201375,-1.54247,0.005457648499999912,-0.023480192166666747,0.014856521666666733,-0.27410256999999927,0.42627416666666673,0.19135231500000005
0.5833333333333334,-0.2998853198333334,-0.5332015238333334,0.5551454250000001,2.6371885966666673,0.6397317166666667,-1.3499873466666665,-0.305355,-0.509996,0.53981,2.9188,0.212811,-1.54405,0.005469680166666602,-0.023205523833333408,0.01533542500000007,-0.2816114033333328,0.42692071666666676,0.1940626533333334
0.6,-0.29882056816666674,-0.5336631971666668,0.5556574200000001,2.6432829466666674,0.6500380666666667,-1.3501029374999998,-0.304478,-0.510253,0.540253,2.93177,0.214466,-1.55122,0.005657431833333282,-0.023410197166666813,0.015404420000000085,-0.2884870533333328,0.43557206666666676,0.20111706250000028
0.6166666666666667,-0.29776658316666677,-0.5339908388333334,0.5562763466666667,2.6500474966666676,0.6583446000000001,-1.3517409108333331,-0.303737,-0.509996,0.541559,2.94084,0.212442,-1.56207,0.005970416833333214,-0.02399483883333342,0.014717346666666686,-0.2907925033333325,0.44590260000000004,0.21032908916666693
0.6333333333333333,-0.2967329065000001,-0.5341639471666667,0.5571009483333333,2.6567048133333344,0.6650269666666667,-1.3550149441666666,-0.303091,-0.50942,0.543899,2.94312,0.21221,-1.57534,0.006358093499999884,-0.024743947166666724,0.013201948333333324,-0.28641518666666554,0.4528169666666667,0.2203250558333334
0.65,-0.29572782483333343,-0.5341960991666667,0.5582023416666667,2.6625975633333345,0.6707123833333334,-1.3598757774999999,-0.30254,-0.508838,0.547111,2.93895,0.21662,-1.58957,0.006812175166666545,-0.025358099166666648,0.011091341666666699,-0.27635243666666565,0.45409238333333335,0.22969422250000004
0.6666666666666666,-0.29476437316666676,-0.534130361,0.5596072933333334,2.6674460633333346,0.6759114166666668,-1.3660809941666665,-0.302139,-0.508558,0.550828,2.93141,0.225168,-1.60278,0.007374626833333231,-0.025572361000000043,0.008779293333333382,-0.2639639366666655,0.45074341666666673,0.2366990058333336
0.6833333333333333,-0.2938589215000001,-0.534000454,0.5613038266666667,2.671407896666668,0.6806212666666668,-1.3733176441666666,-0.301937,-0.508528,0.554682,2.92466,0.233147,-1.61401,0.008078078499999919,-0.025472453999999978,0.006621826666666664,-0.2532521033333319,0.4474742666666668,0.24069235583333337
0.7,-0.29302681816666676,-0.5338281773333333,0.5632698766666667,2.674750680000001,0.6847425166666667,-1.3812404941666665,-0.301941,-0.508661,0.558557,2.92001,0.239545,-1.62258,0.008914181833333257,-0.02516717733333329,0.004712876666666754,-0.24525931999999884,0.44519751666666674,0.2413395058333334
0.7166666666666667,-0.29228019316666676,-0.5336201523333334,0.56548876,2.6776507800000013,0.6882768333333334,-1.3896102608333332,-0.302132,-0.508818,0.562489,2.91677,0.245338,-1.62927,0.009851806833333254,-0.024802152333333383,0.002999760000000018,-0.23911921999999874,0.44293883333333345,0.23965973916666683
0.7333333333333333,-0.29162596816666675,-0.533370844,0.5679498433333333,2.680213796666668,0.6912674333333334,-1.3982818941666666,-0.302467,-0.508872,0.566526,2.91434,0.250981,-1.63486,0.010841031833333237,-0.02449884400000002,0.0014238433333333411,-0.23412620333333223,0.4402864333333334,0.23657810583333339
0.75,-0.29106894150000007,-0.533074474,0.5706444766666666,2.682538630000001,0.6936511000000001,-1.4070829274999999,-0.30293,-0.508817,0.570681,2.91276,0.255339,-1.63888,0.01186105849999991,-0.024257474,-3.652333333337143e-05,-0.23022136999999887,0.4383121000000001,0.23179707250000003
0.7666666666666666,-0.2906139431666667,-0.5327156823333333,0.5735636933333332,2.684721846666668,0.6952637500000001,-1.4159564774999998,-0.303527,-0.508537,0.574941,2.9121,0.257208,-1.64247,0.01291305683333327,-0.024178682333333312,-0.0013773066666668,-0.2273781533333321,0.4380557500000001,0.22651352250000034
0.7833333333333333,-0.29026760816666675,-0.532264974,0.5766950599999999,2.686895280000001,0.695851505,-1.4249604941666665,-0.304283,-0.507854,0.579259,2.91287,0.255388,-1.64689,0.01401539183333328,-0.02441097399999992,-0.0025639400000000423,-0.22597471999999863,0.44046350500000003,0.22192950583333348
0.8,-0.2900358265000001,-0.531678609,0.5800216433333333,2.689223730000001,0.695152455,-1.4342537441666665,-0.305198,-0.506573,0.583568,2.91557,0.249527,-1.65338,0.015162173499999931,-0.025105608999999918,-0.0035463566666666946,-0.22634626999999918,0.445625455,0.21912625583333356
0.8166666666666667,-0.28992385466666676,-0.5309116039999999,0.5835282266666666,2.6918594133333342,0.692805255,-1.4440258941666666,-0.306269,-0.504633,0.587874,2.92024,0.238178,-1.66245,0.016345145333333255,-0.026278603999999928,-0.004345773333333414,-0.22838058666666594,0.454627255,0.21842410583333338
0.8333333333333334,-0.2899299184500001,-0.5299120973333332,0.5872011266666666,2.6949102466666677,0.688548155,-1.4545179941666666,-0.307418,-0.501907,0.592179,2.92648,0.222181,-1.67493,0.017488081549999923,-0.02800509733333323,-0.004977873333333438,-0.23156975333333252,0.46636715500000003,0.22041200583333342
0.85,-0.29005065128333346,-0.5286449556666666,0.5910240599999999,2.6984425300000012,0.6822775216666667,-1.4658502775,-0.308623,-0.498549,0.596438,2.93389,0.203216,-1.68956,0.01857234871666652,-0.030095955666666563,-0.0054139400000001725,-0.23544746999999866,0.47906152166666666,0.22370972249999999
0.8666666666666667,-0.2902792179500001,-0.5270856823333332,0.5949757099999998,2.7025305800000012,0.6740304716666666,-1.4780427108333334,-0.309838,-0.494655,0.600573,2.94264,0.182933,-1.70522,0.01955878204999989,-0.03243068233333318,-0.005597290000000199,-0.24010941999999869,0.4910974716666666,0.22717728916666657
0.8833333333333333,-0.29061116628333344,-0.5252256656666665,0.5990291266666665,2.707306480000001,0.6637192383333334,-1.4909824441666668,-0.311087,-0.490402,0.604492,2.95353,0.159786,-1.72024,0.02047583371666656,-0.0348236656666665,-0.005462873333333507,-0.24622351999999914,0.5039332383333334,0.22925755583333318
0.9,-0.2910453196166668,-0.5230724489999998,0.6031558433333332,2.712937646666668,0.651023805,-1.5044744608333336,-0.312408,-0.485989,0.60815,2.96714,0.130712,-1.73348,0.02136268038333322,-0.037083448999999824,-0.004994156666666805,-0.2542023533333322,0.520311805,0.22900553916666633
0.9166666666666666,-0.2915778229500001,-0.5206267656666665,0.6073287266666665,2.7195511133333348,0.635793655,-1.5183808108333336,-0.313765,-0.481334,0.611535,2.98312,0.0976021,-1.74547,0.022187177049999895,-0.03929276566666656,-0.004206273333333566,-0.2635688866666652,0.5381915549999999,0.22708918916666643
0.9333333333333333,-0.29220552628333346,-0.5178928656666666,0.6115136433333331,2.7273013800000014,0.6179804883333333,-1.5325854608333336,-0.315163,-0.476483,0.614532,3.00193,0.0616559,-1.75638,0.022957473716666565,-0.0414098656666666,-0.0030183566666668327,-0.27462861999999877,0.5563245883333333,0.22379453916666647
0.95,-0.29292427795000014,-0.5148830489999999,0.6156672099999998,2.7364208966666683,0.5974959883333333,-1.5469590608333337,-0.316587,-0.471547,0.616984,3.02478,0.0222913,-1.76592,0.023662722049999863,-0.04333604899999993,-0.0013167900000001787,-0.2883591033333315,0.5752046883333333,0.21896093916666626
0.9666666666666667,-0.2937207596166668,-0.511604749,0.6197332433333331,2.747215913333335,0.5743538216666666,-1.5614044608333337,-0.31791,-0.466472,0.618678,3.05285,-0.0192031,-1.77441,0.0241892403833332,-0.04513274899999997,0.0010552433333331779,-0.3056340866666649,0.5935569216666666,0.2130055391666663
0.9833333333333333,-0.2945824762833335,-0.508060049,0.6236730766666665,2.674633746666668,0.5486716549999999,-1.5758715608333338,-0.31913,-0.461191,0.619803,1.92504,-0.0614033,-1.7824,0.02454752371666652,-0.046869048999999996,0.0038700766666665,0.749593746666668,0.610074955,0.2065284391666662
1.0,-0.2954888929500002,-0.5042519656666666,0.6274482433333332,2.5343657466666683,0.5205528216666666,-1.5903232941666672,-0.320126,-0.455719,0.620324,0.949354,-0.1044,-1.79001,0.02463710704999983,-0.04853296566666665,0.007124243333333169,1.5850117466666682,0.6249528216666667,0.19968670583333292
1.0166666666666666,-0.2964214729500002,-0.500196599,0.6310268433333331,2.339737413333335,0.49017765499999993,-1.6046692941666671,-0.320908,-0.45024,0.620298,0.106839,-0.147038,-1.79648,0.024486527049999818,-0.049956599000000046,0.010728843333333127,2.232898413333335,0.6372156549999999,0.19181070583333293
1.0333333333333332,-0.2973552212833335,-0.495904899,0.6343727599999998,2.1021340800000017,0.45783865499999993,-1.618890094166667,-0.321368,-0.444695,0.619637,-0.618042,-0.187586,-1.80271,0.02401277871666646,-0.051209899,0.014735759999999765,2.7201760800000017,0.6454246549999999,0.18381990583333296
1.05,-0.2982637979500002,-0.4913781656666667,0.6374637266666664,1.8311807466666683,0.42392515499999994,-1.6329946275000005,-0.321465,-0.438958,0.618506,-1.24033,-0.224422,-1.8091,0.023201202049999814,-0.052420165666666685,0.018957726666666397,3.071510746666668,0.648347155,0.17610537249999947
1.0666666666666667,-0.2991334379500002,-0.4866307656666667,0.6403002599999997,1.5348840800000016,0.3889119883333333,-1.6468807608333338,-0.321356,-0.433216,0.617209,-1.77487,-0.25599,-1.81406,0.022222562049999783,-0.0534147656666667,0.023091259999999725,3.3097540800000016,0.6449019883333333,0.16717923916666622
1.0833333333333333,-0.2999557512833335,-0.481693549,0.6428838933333331,1.220102413333335,0.353087155,-1.6604311941666672,-0.321107,-0.427718,0.615761,-2.23135,-0.284572,-1.81728,0.02115124871666646,-0.05397554900000001,0.027122893333333065,3.451452413333335,0.6376591549999999,0.15684880583333283
1.1,-0.30070975961666685,-0.476594049,0.6451972099999997,0.8929307466666683,0.316498155,-1.6736459608333338,-0.320527,-0.422441,0.613887,-2.61515,-0.31341,-1.82038,0.019817240383333157,-0.05415304900000001,0.03131020999999978,3.508080746666668,0.6299081550000001,0.14673403916666627
1.1166666666666667,-0.3013713796166668,-0.4713462656666667,0.6472256766666664,0.558577413333335,0.279174655,-1.686572494166667,-0.319555,-0.417211,0.611615,-2.93411,-0.342722,-1.82403,0.018183620383333154,-0.05413526566666671,0.035610676666666397,3.4926874133333348,0.621896655,0.13745750583333294
1.1333333333333333,-0.3019311979500002,-0.46595124900000007,0.6489700266666664,0.221277413333335,0.24134848833333333,-1.6992588275000005,-0.318385,-0.41185,0.609157,-3.19829,-0.369513,-1.82828,0.0164538020499998,-0.05410124900000007,0.03981302666666642,3.419567413333335,0.6108614883333333,0.12902117249999945
1.15,-0.3023878296166668,-0.4604078156666667,0.6504340416666664,-0.1155209199999983,0.20345198833333333,-1.7117377108333338,-0.317128,-0.406325,0.606556,-3.41587,-0.390632,-1.83294,0.014740170383333195,-0.05408281566666673,0.04387804166666642,3.3003490800000015,0.5940839883333333,0.1212022891666662
1.1666666666666667,-0.30274810461666685,-0.45472118233333336,0.6516276549999998,-0.449022586666665,0.16583248833333333,-1.7240366441666672,-0.315904,-0.400729,0.603907,-3.5938,-0.406991,-1.83797,0.013155895383333172,-0.05399218233333336,0.04772065499999978,3.144777413333335,0.5728234883333333,0.11393335583333286
1.1833333333333333,-0.3030150829500002,-0.4488986323333334,0.6525579766666664,-0.7768742533333317,0.12869782166666666,-1.7362177275000006,-0.314664,-0.3951,0.601175,-3.73642,-0.420401,-1.84389,0.011648917049999818,-0.053798632333333374,0.05138297666666636,2.9595457466666684,0.5490988216666667,0.10767227249999944
1.2,-0.30317896945000017,-0.44294178233333337,0.6532326783333331,-1.0971492533333316,0.09229215499999999,-1.7482633108333339,-0.313214,-0.389356,0.598373,-3.84827,-0.430146,-1.84956,0.010035030549999824,-0.05358578233333339,0.05485967833333305,2.7511207466666683,0.5224381549999999,0.10129668916666623
1.2166666666666666,-0.3032378822833335,-0.4368587323333334,0.6536729749999998,-1.4083942533333316,0.056843988333333324,-1.759984794166667,-0.311668,-0.383597,0.595711,-3.93501,-0.436271,-1.85238,0.008430117716666519,-0.05326173233333337,0.05796197499999978,2.5266157466666685,0.49311498833333334,0.09239520583333283
1.2333333333333334,-0.3032020842833335,-0.4306679990000001,0.6539073033333331,-1.7094892533333317,0.022493488333333325,-1.7712055608333337,-0.310207,-0.377987,0.593313,-4.0005,-0.439935,-1.85239,0.007004915716666504,-0.05268099900000006,0.060594303333333155,2.291010746666668,0.46242848833333333,0.08118443916666629
1.25,-0.3030733006166668,-0.4243784490000001,0.6539485446666665,-1.9993859199999984,-0.010716345000000009,-1.7819709108333337,-0.308709,-0.372394,0.590963,-4.04497,-0.442506,-1.85283,0.0056356993833331925,-0.0519844490000001,0.0629855446666665,2.045584080000002,0.431789655,0.07085908916666628
1.2666666666666666,-0.3028408556166668,-0.41798141566666674,0.6537953644999999,-2.277169253333332,-0.04272384500000001,-1.792452844166667,-0.306985,-0.366556,0.588452,-4.06958,-0.443658,-1.85567,0.004144144383333215,-0.05142541566666675,0.06534336449999989,1.7924107466666683,0.40093415499999996,0.06321715583333298
1.2833333333333332,-0.3025055739500001,-0.41147489900000006,0.6534520078333332,-2.542202586666665,-0.07351767833333335,-1.8027607108333337,-0.305203,-0.360568,0.585866,-4.07786,-0.444112,-1.86007,0.002697426049999896,-0.05090689900000006,0.06758600783333324,1.5356574133333352,0.37059432166666667,0.05730928916666622
1.3,-0.3020803422833334,-0.4048718823333334,0.6529269361666665,-2.7941209199999983,-0.10298701166666668,-1.8128819275000003,-0.303549,-0.354661,0.58327,-4.07351,-0.442313,-1.86423,0.0014686577166665993,-0.05021088233333337,0.06965693616666657,1.2793890800000014,0.33932598833333333,0.05134807249999973
1.3166666666666667,-0.30156977061666673,-0.3981810823333334,0.6522203878333332,-3.032677586666665,-0.13092001166666667,-1.8228508775000003,-0.301904,-0.348778,0.580543,-4.05795,-0.436615,-1.86887,0.00033422938333327323,-0.049403082333333403,0.07167738783333322,1.0252724133333349,0.3056949883333333,0.04601912249999973
1.3333333333333333,-0.30096104561666676,-0.3914012156666667,0.6513316278333332,-3.2577409199999985,-0.15711351166666668,-1.8326771941666669,-0.300001,-0.342771,0.577671,-4.03274,-0.42699,-1.87363,-0.0009600456166667382,-0.0486302156666667,0.07366062783333316,0.774999080000002,0.26987648833333333,0.04095280583333305
1.35,-0.30024945228333344,-0.384540749,0.6502759061666665,-3.469337586666665,-0.1816045116666667,-1.8422924108333336,-0.297957,-0.33679,0.574899,-4.00017,-0.417013,-1.8773,-0.0022924522833334127,-0.04775074900000004,0.07537690616666648,0.5308324133333349,0.23540848833333333,0.03500758916666635
1.3666666666666667,-0.29943349395000013,-0.37761473233333337,0.6490687411666666,-3.6675442533333316,-0.20451267833333336,-1.851641244166667,-0.295817,-0.330944,0.572242,-3.96096,-0.407989,-1.88002,-0.0036164939500001325,-0.046670732333333353,0.07682674116666655,0.2934157466666685,0.20347632166666663,0.028378755833333047
1.3833333333333333,-0.29851499228333345,-0.37064383233333337,0.6477205361666666,-3.852452586666665,-0.22598167833333338,-1.860728444166667,-0.293633,-0.325332,0.569631,-3.91525,-0.400365,-1.88271,-0.0048819922833334695,-0.04531183233333336,0.07808953616666658,0.06279741333333488,0.17438332166666665,0.021981555833333166
1.4,-0.2974957339500001,-0.363645099,0.6462392594999999,-4.024240919999999,-0.24603051166666673,-1.8695490275000002,-0.291404,-0.319912,0.567034,-3.86444,-0.392276,-1.88521,-0.006091733950000122,-0.04373309900000005,0.0792052594999999,-0.15980091999999857,0.14624548833333328,0.01566097249999987
1.4166666666666667,-0.2963695689500001,-0.35662154900000004,0.6446318011666666,-4.183229419999999,-0.26451151166666675,-1.878030394166667,-0.289006,-0.314475,0.564439,-3.81076,-0.381107,-1.88645,-0.007363568950000121,-0.04214654900000003,0.0801928011666666,-0.37246941999999894,0.11659548833333322,0.00841960583333301
1.4333333333333333,-0.2951391506166668,-0.3495779656666667,0.6429184511666667,-4.329880086666666,-0.28139117833333344,-1.8860741108333337,-0.286574,-0.309053,0.56206,-3.75657,-0.368542,-1.88597,-0.008565150616666795,-0.04052496566666669,0.08085845116666668,-0.573310086666666,0.08715082166666654,-0.00010411083333372595
1.45,-0.29381498228333347,-0.3425231156666667,0.6411292178333333,-4.464669253333333,-0.2968342950000001,-1.8936852108333337,-0.284231,-0.303712,0.560065,-3.7023,-0.357668,-1.88533,-0.009583982283333459,-0.03881111566666673,0.08106421783333329,-0.7623692533333326,0.060833704999999905,-0.008355210833333793
1.4666666666666666,-0.2924037872833335,-0.33547008233333336,0.6392904845,-4.58801542,-0.3110337783333334,-1.9009191608333338,-0.281926,-0.298526,0.558415,-3.64729,-0.349025,-1.88533,-0.010477787283333484,-0.03694408233333335,0.08087548450000004,-0.9407254199999997,0.037991221666666575,-0.015589160833333837
1.4833333333333334,-0.2909143039500002,-0.3284407656666667,0.6374222345,-4.700365253333333,-0.32413796166666675,-1.9077149941666671,-0.279693,-0.293644,0.557028,-3.59218,-0.342027,-1.88417,-0.01122130395000015,-0.034796765666666674,0.08039423450000005,-1.1081852533333327,0.017889038333333274,-0.02354499416666722
1.5,-0.28935491895000015,-0.3214567656666667,0.6355334345,-4.802219086666666,-0.3361602950000001,-1.9139046608333339,-0.277533,-0.289077,0.555742,-3.53803,-0.334629,-1.8801,-0.011821918950000176,-0.03237976566666673,0.07979143450000004,-1.2641890866666659,-0.001531295000000099,-0.03380466083333378
1.5166666666666666,-0.28772405061666684,-0.314514799,0.6336240511666666,-4.894084253333332,-0.3470206450000001,-1.9194397275000006,-0.275292,-0.284446,0.554421,-3.48519,-0.32535,-1.87491,-0.012432050616666857,-0.030068799000000035,0.0792030511666666,-1.4088942533333326,-0.021670645000000155,-0.044529727500000504
1.5333333333333332,-0.2860229672833335,-0.3076037323333333,0.6317036178333333,-4.976513753333332,-0.35669189500000015,-1.924306260833334,-0.273016,-0.279625,0.553217,-3.43466,-0.314967,-1.8691,-0.013006967283333504,-0.02797873233333331,0.07848661783333333,-1.5418537533333323,-0.04172489500000015,-0.05520626083333391
1.55,-0.28426536728333346,-0.300724899,0.6297918511666666,-5.0500050866666655,-0.3653318283333335,-1.9285479108333339,-0.270901,-0.274807,0.552297,-3.38583,-0.306386,-1.86358,-0.013364367283333456,-0.025917898999999966,0.07749485116666655,-1.6641750866666656,-0.058945828333333505,-0.06496791083333386
1.5666666666666667,-0.2824665006166668,-0.2938953323333333,0.6279044678333332,-5.114988919999999,-0.3731601616666668,-1.9322450775000006,-0.268981,-0.270242,0.551612,-3.33791,-0.300681,-1.85895,-0.013485500616666757,-0.023653332333333332,0.07629246783333321,-1.7770789199999992,-0.07247916166666685,-0.07329507750000053
1.5833333333333333,-0.28063376728333345,-0.28713701566666666,0.6260441844999999,-5.171920919999999,-0.38020324500000013,-1.9353496441666673,-0.26714,-0.266021,0.550966,-3.29151,-0.294915,-1.85321,-0.013493767283333458,-0.021116015666666654,0.07507818449999992,-1.8804109199999988,-0.08528824500000015,-0.0821396441666673
1.6,-0.2787589506166668,-0.280459399,0.6242039178333332,-5.221273419999999,-0.3863220116666668,-1.9377321275000006,-0.265135,-0.26196,0.550204,-3.24713,-0.286469,-1.84504,-0.013623950616666769,-0.018499398999999972,0.07399991783333315,-1.9741434199999994,-0.09985301166666682,-0.09269212750000055
1.6166666666666667,-0.2768381006166668,-0.27387173233333334,0.6223816011666665,-5.263513253333333,-0.3914896450000001,-1.9392533141666672,-0.26303,-0.258063,0.549404,-3.20492,-0.277032,-1.8342,-0.013808100616666819,-0.015808732333333353,0.07297760116666652,-2.0585932533333327,-0.11445764500000011,-0.10505331416666719
1.6333333333333333,-0.2748760839500001,-0.267381449,0.6205833844999998,-5.299085253333333,-0.3957847783333334,-1.9398854091666673,-0.26096,-0.254308,0.548695,-3.16479,-0.268256,-1.82236,-0.013916083950000102,-0.013073449000000015,0.07188838449999979,-2.134295253333333,-0.12752877833333343,-0.11752540916666732
1.65,-0.2728771506166668,-0.2609940823333333,0.6188198844999998,-5.328458086666666,-0.39924474500000007,-1.939629030833334,-0.25892,-0.250672,0.548153,-3.12735,-0.259528,-1.80995,-0.013957150616666802,-0.010322082333333316,0.0706668844999998,-2.2011080866666664,-0.1397167450000001,-0.12967903083333399
1.6666666666666667,-0.27083571728333344,-0.25471716566666663,0.6170978011666665,-5.352095586666667,-0.40181721166666673,-1.938406285833334,-0.256756,-0.247192,0.547722,-3.09279,-0.249434,-1.79572,-0.01407971728333346,-0.007525165666666639,0.06937580116666642,-2.2593055866666667,-0.15238321166666674,-0.14268628583333398
1.6833333333333333,-0.2687519839500001,-0.24856719899999996,0.6154220844999998,-5.370421086666667,-0.40355049500000006,-1.9361224025000006,-0.254556,-0.244016,0.547379,-3.06071,-0.239539,-1.77933,-0.014195983950000102,-0.00455119899999995,0.06804308449999985,-2.3097110866666672,-0.16401149500000006,-0.15679240250000048
1.7,-0.2666358339500001,-0.24255996566666663,0.6138001028333331,-5.383845553333334,-0.4045599766666667,-1.9327279525000005,-0.252474,-0.241145,0.547168,-3.03115,-0.230935,-1.76145,-0.014161833950000147,-0.0014149656666666288,0.0666321028333331,-2.352695553333334,-0.1736249766666667,-0.17127795250000055
1.7166666666666666,-0.26449956728333346,-0.23670146566666664,0.612239267833333,-5.392826436666667,-0.4048326533333334,-1.9281764691666672,-0.250556,-0.238434,0.547094,-3.00507,-0.221642,-1.74209,-0.013943567283333458,0.0017325343333333687,0.06514526783333308,-2.387756436666667,-0.1831906533333334,-0.18608646916666727
1.7333333333333334,-0.2623417506166668,-0.23097971566666664,0.610733942833333,-5.397772136666667,-0.4041630433333334,-1.9224913025000006,-0.24859,-0.235604,0.546954,-2.98198,-0.208576,-1.72231,-0.013751750616666808,0.004624284333333367,0.06377994283333299,-2.415792136666667,-0.1955870433333334,-0.20018130250000055
1.75,-0.2601654672833335,-0.2253862823333333,0.6092791494999997,-5.399000291666667,-0.40257073500000007,-1.9157949691666671,-0.246646,-0.232703,0.546756,-2.96064,-0.195193,-1.70371,-0.013519467283333503,0.007316717666666694,0.06252314949999971,-2.4383602916666667,-0.20737773500000006,-0.21208496916666708
1.7666666666666666,-0.2579778672833335,-0.21991359899999996,0.607872637833333,-5.396793241666667,-0.4001706850000001,-1.9082160525000005,-0.244793,-0.229743,0.546542,-2.94068,-0.183019,-1.68645,-0.013184867283333485,0.009829401000000043,0.061330637833333035,-2.456113241666667,-0.2171516850000001,-0.22176605250000048
1.7833333333333332,-0.2557928672833335,-0.2145601323333333,0.6065146161666664,-5.391400475,-0.39717510166666675,-1.8998954691666672,-0.243143,-0.226817,0.54635,-2.92174,-0.17367,-1.6708,-0.012649867283333505,0.012256867666666699,0.06016461616666635,-2.4696604750000004,-0.22350510166666676,-0.22909546916666712
1.8,-0.2536252339500002,-0.2093236823333333,0.605201967833333,-5.383049425,-0.39371173500000006,-1.8910033358333338,-0.241718,-0.223914,0.546128,-2.90361,-0.165926,-1.65732,-0.011907233950000207,0.014590317666666713,0.059073967833333074,-2.4794394250000003,-0.22778573500000007,-0.2336833358333339
1.8166666666666667,-0.2514765839500002,-0.20420044899999995,0.603921817833333,-5.371921241666667,-0.3897601683333334,-1.8816540858333337,-0.240318,-0.22101,0.545718,-2.88569,-0.157499,-1.6452,-0.011158583950000217,0.01680955100000006,0.05820381783333295,-2.4862312416666668,-0.23226116833333338,-0.23645408583333372
1.8333333333333333,-0.2493392006166669,-0.1991880656666666,0.6026679194999996,-5.358179775,-0.3854358516666667,-1.8719507858333337,-0.238795,-0.218125,0.54522,-2.86781,-0.150541,-1.63435,-0.010544200616666888,0.018936934333333405,0.05744791949999961,-2.490369775,-0.2348948516666667,-0.23760078583333377
1.8499999999999999,-0.24720258395000022,-0.19428326566666662,0.6014461244999997,-5.342053091666667,-0.38084333500000006,-1.8619604358333337,-0.2371,-0.215246,0.544823,-2.85109,-0.144949,-1.62424,-0.010102583950000216,0.02096273433333337,0.05662312449999973,-2.490963091666667,-0.23589433500000007,-0.2377204358333338
1.8666666666666667,-0.24505113395000022,-0.18947356566666662,0.600265577833333,-5.323833425,-0.3759983683333334,-1.8517828358333337,-0.235147,-0.212224,0.544583,-2.83669,-0.139367,-1.61545,-0.009904133950000227,0.022750434333333375,0.05568257783333297,-2.487143425,-0.2366313683333334,-0.23633283583333364
1.8833333333333333,-0.24287963395000023,-0.18476133233333328,0.5991430811666664,-5.303877091666667,-0.37101963500000007,-1.8414205358333338,-0.233091,-0.20929,0.544629,-2.82582,-0.135449,-1.60648,-0.009788633950000236,0.024528667666666726,0.05451408116666634,-2.478057091666667,-0.23557063500000006,-0.23494053583333385
1.9,-0.2406892506166669,-0.1801556823333333,0.598089782833333,-5.282518591666667,-0.3659688183333334,-1.8308487858333338,-0.23103,-0.206555,0.544882,-2.81835,-0.132357,-1.5969,-0.009659250616666892,0.0263993176666667,0.05320778283333305,-2.464168591666667,-0.2336118183333334,-0.23394878583333378
1.9166666666666667,-0.23848958395000025,-0.1756692323333333,0.5971201311666664,-5.260086258333334,-0.3608698683333334,-1.8200612191666672,-0.229102,-0.20408,0.545402,-2.8144,-0.129529,-1.58699,-0.00938758395000025,0.028410767666666725,0.05171813116666635,-2.4456862583333336,-0.2313408683333334,-0.2330712191666673
1.9333333333333333,-0.23628635061666692,-0.17131121566666663,0.5962392144999997,-5.236797925,-0.3557568683333334,-1.8091233025000004,-0.227248,-0.201822,0.546049,-2.81242,-0.127142,-1.57788,-0.009038350616666913,0.030510784333333374,0.05019021449999972,-2.4243779250000004,-0.22861486833333342,-0.23124330250000047
1.95,-0.23407328395000024,-0.16708101566666664,0.5954345578333331,-5.212768591666667,-0.3506956850000001,-1.798130319166667,-0.225283,-0.199629,0.546547,-2.8109,-0.125726,-1.57011,-0.008790283950000227,0.03254798433333336,0.048887557833333095,-2.401868591666667,-0.22496968500000009,-0.2280203191666672
1.9666666666666666,-0.23184148395000023,-0.16297309899999998,0.5946898994999997,-5.188126425000001,-0.34578941833333343,-1.7871605525000005,-0.223159,-0.197424,0.546829,-2.81015,-0.125919,-1.56345,-0.008682483950000236,0.034450901000000006,0.04786089949999972,-2.377976425000001,-0.21987041833333343,-0.2237105525000005
1.9833333333333334,-0.22959706728333357,-0.15899446566666664,0.5940001694999997,-5.163114591666668,-0.3410301850000001,-1.7761656691666672,-0.221113,-0.195405,0.547065,-2.81209,-0.126013,-1.55593,-0.008484067283333563,0.036410534333333355,0.04693516949999965,-2.351024591666668,-0.2150171850000001,-0.22023566916666715
2.0,-0.22734918395000023,-0.1551530323333333,0.5933513894999997,-5.137926591666668,-0.3362321350000001,-1.7650963025000006,-0.219194,-0.193592,0.547108,-2.8161,-0.123166,-1.54752,-0.008155183950000228,0.038438967666666685,0.04624338949999962,-2.321826591666668,-0.2130661350000001,-0.2175763025000006
2.0166666666666666,-0.22509776728333356,-0.1514540323333333,0.5927118944999996,-5.112543758333334,-0.33131390166666674,-1.7539905525000006,-0.217264,-0.191949,0.54667,-2.81892,-0.118934,-1.53958,-0.007833767283333543,0.040494967666666715,0.046041894499999625,-2.2936237583333345,-0.21237990166666676,-0.21441055250000063
2.033333333333333,-0.22283426728333355,-0.14789764899999996,0.5920539228333329,-5.086870925000001,-0.3263918683333334,-1.7429145691666672,-0.215185,-0.190399,0.545792,-2.81933,-0.116424,-1.53258,-0.007649267283333566,0.04250135100000005,0.04626192283333286,-2.2675409250000014,-0.2099678683333334,-0.21033456916666715
2.05,-0.2205504506166669,-0.14449214899999996,0.5913781628333329,-5.060937425000001,-0.32164143500000003,-1.7318661525000005,-0.212959,-0.189072,0.544913,-2.81929,-0.116653,-1.52548,-0.007591450616666884,0.04457985100000003,0.04646516283333291,-2.2416474250000014,-0.20498843500000002,-0.20638615250000059
2.0666666666666664,-0.21824268395000024,-0.14125116566666662,0.5906836994999995,-5.034784258333334,-0.3171991016666667,-1.7207984858333338,-0.210653,-0.188062,0.544006,-2.81901,-0.11911,-1.51755,-0.007589683950000231,0.046810834333333384,0.04667769949999956,-2.2157742583333344,-0.1980891016666667,-0.20324848583333388
2.0833333333333335,-0.21591706728333357,-0.13819091566666664,0.5899691544999995,-5.008481925000001,-0.31309508500000005,-1.7096270525000006,-0.208421,-0.187418,0.543064,-2.819,-0.122184,-1.50819,-0.007496067283333574,0.049227084333333365,0.046905154499999546,-2.189481925000001,-0.19091108500000004,-0.20143705250000066
2.1,-0.2135863506166669,-0.13531469899999998,0.5892340861666662,-4.9820390916666675,-0.3095063016666667,-1.698447935833334,-0.206372,-0.186946,0.5421,-2.81834,-0.128241,-1.50021,-0.0072143506166668925,0.05163130100000002,0.047134086166666145,-2.1636990916666674,-0.1812653016666667,-0.19823793583333393
2.1166666666666667,-0.21125785061666688,-0.13261113233333333,0.5884717411666661,-4.955412591666668,-0.30662856833333335,-1.6874797025000006,-0.204428,-0.186415,0.541015,-2.81622,-0.137699,-1.49563,-0.006829850616666883,0.05380386766666667,0.047456741166666094,-2.1391925916666676,-0.16892956833333336,-0.19184970250000055
2.1333333333333333,-0.20893273395000023,-0.13007533233333332,0.5876767594999994,-4.928658425000001,-0.30444543500000004,-1.6767714025000007,-0.202496,-0.185923,0.539824,-2.81422,-0.147294,-1.49189,-0.006436733950000217,0.055847667666666684,0.04785275949999945,-2.114438425000001,-0.15715143500000003,-0.18488140250000074
2.15,-0.20661198395000022,-0.12771741566666667,0.5868508761666661,-4.901956091666667,-0.3026975016666667,-1.6661781691666673,-0.200573,-0.185709,0.538639,-2.81434,-0.153143,-1.48592,-0.006038983950000215,0.057991584333333346,0.04821187616666611,-2.0876160916666673,-0.1495545016666667,-0.18025816916666737
2.1666666666666665,-0.2043056006166669,-0.12553203233333332,0.5859994861666661,-4.875368591666668,-0.301465215,-1.6558228025000006,-0.198805,-0.185532,0.537518,-2.81487,-0.16052,-1.48191,-0.005500600616666879,0.05999996766666668,0.04848148616666603,-2.0604985916666676,-0.140945215,-0.17391280250000052
2.183333333333333,-0.20202573395000023,-0.12349186566666666,0.5851172844999994,-4.848756425000001,-0.3012184233333333,-1.6461379525000006,-0.197231,-0.18504,0.536294,-2.81261,-0.1757,-1.4849,-0.004794733950000241,0.06154813433333335,0.0488232844999994,-2.0361464250000014,-0.12551842333333332,-0.1612379525000005
2.2,-0.1997856006166669,-0.12157108233333333,0.5841892878333328,-4.822008925000001,-0.302069835,-1.6374419025000007,-0.195877,-0.184241,0.534808,-2.80797,-0.193274,-1.49331,-0.003908600616666896,0.06266991766666666,0.04938128783333284,-2.0140389250000013,-0.10879583500000001,-0.14413190250000074
2.216666666666667,-0.19759783395000022,-0.11976383233333333,0.5832106944999994,-4.795275591666668,-0.30362489333333337,-1.6296557525000006,-0.194743,-0.183439,0.533214,-2.80504,-0.205222,-1.50103,-0.0028548339500002184,0.06367516766666666,0.04999669449999944,-1.9902355916666679,-0.09840289333333338,-0.12862575250000052
2.2333333333333334,-0.19547188395000023,-0.118075949,0.5821820194999994,-4.768686258333335,-0.30556414333333337,-1.6226661691666673,-0.193786,-0.182818,0.531594,-2.80361,-0.212508,-1.50745,-0.0016858839500002165,0.06474205100000001,0.05058801949999936,-1.965076258333335,-0.09305614333333337,-0.11521616916666733
2.25,-0.19341616728333355,-0.11650047066666666,0.5811117228333327,-4.742196591666668,-0.3081301433333334,-1.6166476858333338,-0.192995,-0.182177,0.530074,-2.801,-0.223916,-1.51712,-0.00042116728333355113,0.06567652933333334,0.05103772283333263,-1.9411965916666682,-0.08421414333333338,-0.09952768583333382
2.2666666666666666,-0.19143731728333355,-0.115029564,0.580000401166666,-4.715712258333335,-0.31156001000000005,-1.6117490025000005,-0.192348,-0.181499,0.528533,-2.7964,-0.239513,-1.52974,0.0009106827166664444,0.06646943599999999,0.05146740116666593,-1.9193122583333349,-0.07204701000000005,-0.08200900250000043
2.283333333333333,-0.18954020061666688,-0.11366922233333333,0.5788421394999993,-4.689297591666668,-0.3156647766666667,-1.6078338191666672,-0.191823,-0.181001,0.526868,-2.79229,-0.252648,-1.54085,0.0022827993833331173,0.06733177766666666,0.051974139499999295,-1.8970075916666684,-0.06301677666666672,-0.06698381916666718
2.3,-0.18773076728333354,-0.11242952066666667,0.5776399478333326,-4.663088758333335,-0.32018266000000006,-1.6047132191666673,-0.19144,-0.180752,0.525217,-2.78988,-0.262046,-1.54955,0.003709232716666455,0.06832247933333332,0.05242294783333257,-1.8732087583333348,-0.05813666000000006,-0.05516321916666733
2.3166666666666664,-0.1860147339500002,-0.11130916566666667,0.5764073461666659,-4.637176758333335,-0.32506757666666675,-1.6023848025000007,-0.191199,-0.180577,0.523749,-2.78854,-0.270996,-1.55871,0.005184266049999803,0.06926783433333332,0.05265834616666587,-1.8486367583333352,-0.05407157666666673,-0.043674802500000665
2.3333333333333335,-0.18439399228333353,-0.11031190733333333,0.5751598628333325,-4.611689758333335,-0.3302448933333334,-1.6007630375000006,-0.191045,-0.180556,0.522505,-2.78894,-0.279018,-1.56701,0.006651007716666463,0.07024409266666666,0.05265486283333254,-1.8227497583333347,-0.05122689333333341,-0.03375303750000058
2.35,-0.18286692561666687,-0.10944847566666667,0.5739092628333325,-4.586819258333335,-0.33553061000000006,-1.5996180725000007,-0.190923,-0.180805,0.521434,-2.79218,-0.28432,-1.57208,0.00805607438333314,0.07135652433333332,0.05247526283333259,-1.7946392583333353,-0.051210610000000045,-0.027538072500000732
2.3666666666666667,-0.1814330689500002,-0.108717969,0.5726656194999992,-4.562712758333335,-0.3408350933333334,-1.5988436791666674,-0.190852,-0.181144,0.520517,-2.7977,-0.288297,-1.57578,0.009418931049999801,0.072426031,0.05214861949999916,-1.7650127583333353,-0.05253809333333337,-0.023063679166667406
2.3833333333333333,-0.1800931339500002,-0.10810777066666666,0.5714365794999992,-4.539362925000002,-0.34624886000000005,-1.5985275025000008,-0.190851,-0.181386,0.519721,-2.80313,-0.293771,-1.58114,0.010757866049999787,0.07327822933333333,0.051715579499999165,-1.7362329250000017,-0.05247786000000004,-0.017387502500000762
2.4,-0.17884927061666686,-0.10761333566666666,0.5702301944999991,-4.516818758333335,-0.35166066000000007,-1.5986264290000007,-0.190944,-0.181654,0.519057,-2.80938,-0.297574,-1.58612,0.012094729383333142,0.07404066433333335,0.05117319449999913,-1.7074387583333346,-0.054086660000000064,-0.012506429000000763
2.4166666666666665,-0.17770494061666686,-0.10723634066666665,0.5690600628333324,-4.495209091666668,-0.3569515100000001,-1.5990208990000008,-0.191155,-0.182045,0.518619,-2.81778,-0.299515,-1.58948,0.01345005938333313,0.07480865933333336,0.050441062833332384,-1.677429091666668,-0.05743651000000011,-0.009540899000000769
2.433333333333333,-0.17665913228333352,-0.10696948733333332,0.5679382228333324,-4.474602925000001,-0.36217631000000006,-1.599728352333334,-0.191414,-0.182416,0.518392,-2.82747,-0.302296,-1.59334,0.014754867716666481,0.07544651266666667,0.04954622283333243,-1.647132925000001,-0.05988031000000005,-0.006388352333334124
2.45,-0.17570658061666686,-0.10680453833333332,0.566876029499999,-4.455063425000001,-0.3673355433333334,-1.6007416956666674,-0.191655,-0.182748,0.518371,-2.83841,-0.305078,-1.59732,0.015948419383333134,0.07594346166666667,0.04850502949999902,-1.6166534250000013,-0.06225754333333339,-0.0034216956666672793
2.466666666666667,-0.17484001395000018,-0.10673802116666666,0.5658773944999991,-4.4365975916666684,-0.37239512666666674,-1.6019985206666674,-0.191842,-0.183114,0.518446,-2.84977,-0.30731,-1.60053,0.017001986049999834,0.07637597883333334,0.04743139449999911,-1.5868275916666685,-0.06508512666666671,-0.0014685206666673611
2.4833333333333334,-0.17405661228333352,-0.10676354516666665,0.5649412611666658,-4.419133591666668,-0.3773910100000001,-1.603500917333334,-0.192044,-0.183464,0.518541,-2.86032,-0.310087,-1.60396,0.01798738771666647,0.07670045483333333,0.046400261166665735,-1.5588135916666679,-0.06730401000000008,0.0004590826666659442
2.5,-0.17335608061666685,-0.10687585616666666,0.5640691611666657,-4.4026533583333345,-0.3822777600000001,-1.6052204340000007,-0.192298,-0.183813,0.518697,-2.87088,-0.31213,-1.60714,0.018941919383333145,0.07693714383333335,0.04537216116666576,-1.5317733583333344,-0.07014776000000006,0.0019195659999993175
2.5166666666666666,-0.17273813061666685,-0.10706675116666665,0.5632619378333323,-4.387162541666668,-0.38701882666666676,-1.6071421006666673,-0.192607,-0.184111,0.518905,-2.88184,-0.313551,-1.61026,0.019868869383333154,0.07704424883333334,0.04435693783333239,-1.505322541666668,-0.07346782666666674,0.00311789933333273
2.533333333333333,-0.1722005689500002,-0.10732649283333331,0.562515094499999,-4.3726086916666675,-0.3916196100000001,-1.6092832340000007,-0.192939,-0.184329,0.519079,-2.89228,-0.314996,-1.61382,0.02073843104999981,0.07700250716666668,0.04343609449999908,-1.4803286916666676,-0.07662361000000012,0.004536765999999304
2.55,-0.17174122561666685,-0.10765330116666665,0.5618271928333324,-4.3589550583333345,-0.39603069333333346,-1.6115806006666673,-0.193295,-0.184587,0.519268,-2.90246,-0.315591,-1.61655,0.02155377438333314,0.07693369883333336,0.04255919283333243,-1.4564950583333345,-0.08043969333333345,0.004969399333332625
2.5666666666666664,-0.17135660061666685,-0.10804523616666664,0.5611988344999991,-4.346157658333334,-0.40031189333333345,-1.6139856506666672,-0.193652,-0.184882,0.519503,-2.91223,-0.317046,-1.61866,0.022295399383333137,0.07683676383333335,0.04169583449999903,-1.4339276583333342,-0.08326589333333345,0.004674349333332772
2.5833333333333335,-0.17103974561666685,-0.10849301116666664,0.5606283761666657,-4.334164825000001,-0.4044843100000001,-1.6165150173333338,-0.193954,-0.185095,0.51975,-2.92148,-0.318781,-1.62114,0.022914254383333138,0.07660198883333337,0.040878376166665675,-1.4126848250000013,-0.08570331000000014,0.004624982666666222
2.6,-0.17078325228333352,-0.10898959616666663,0.560115854499999,-4.323019008333334,-0.40839679333333345,-1.6191240840000005,-0.194189,-0.185257,0.520034,-2.93167,-0.318053,-1.62303,0.02340574771666648,0.07626740383333337,0.040081854499999015,-1.3913490083333344,-0.09034379333333348,0.003905915999999454
2.6166666666666667,-0.17057977395000018,-0.10953372116666664,0.5596670661666657,-4.312780175000001,-0.4120373766666668,-1.6217546673333338,-0.194354,-0.185456,0.520448,-2.94314,-0.316991,-1.6241,0.02377422604999982,0.07592227883333337,0.039219066166665706,-1.3696401750000011,-0.09504637666666677,0.0023453326666662555
2.6333333333333333,-0.17042370578333352,-0.11012382616666663,0.5592859478333324,-4.3034671750000015,-0.4154266600000001,-1.624372000666667,-0.194473,-0.185684,0.520968,-2.95527,-0.316105,-1.62466,0.02404929421666649,0.07556017383333336,0.03831794783333242,-1.3481971750000015,-0.09932166000000009,0.00028799933333290006
2.65,-0.1703133812833335,-0.11076167449999996,0.5589697611666657,-4.295045225000002,-0.4185534100000001,-1.6269256173333337,-0.194606,-0.185995,0.521488,-2.96723,-0.314897,-1.62446,0.024292618716666492,0.07523332550000003,0.037481761166665795,-1.327815225000002,-0.10365641000000014,-0.002465617333333725
2.6666666666666665,-0.17024759061666683,-0.11144875949999997,0.5587118661666658,-4.287456908333335,-0.4213917933333335,-1.6293782840000004,-0.194759,-0.186386,0.521945,-2.97866,-0.313122,-1.62367,0.024511409383333155,0.07493724050000003,0.0367668661666658,-1.3087969083333353,-0.10826979333333347,-0.005708284000000452
2.683333333333333,-0.1702231982833335,-0.11218412116666664,0.5585076011666658,-4.280683941666669,-0.42394706000000015,-1.631694200666667,-0.1949,-0.186816,0.522369,-2.99015,-0.31126,-1.62228,0.024676801716666502,0.07463187883333337,0.036138601166665785,-1.290533941666669,-0.11268706000000017,-0.009414200666667094
2.7,-0.17023618663333348,-0.11296381116666664,0.5583561959999991,-4.274750191666669,-0.4261907933333335,-1.6338589173333338,-0.195014,-0.187239,0.522817,-3.00238,-0.308773,-1.62062,0.024777813366666512,0.07427518883333335,0.03553919599999911,-1.2723701916666692,-0.11741779333333346,-0.013238917333333822
2.716666666666667,-0.17028550530000014,-0.1137827128333333,0.558259697499999,-4.269676425000003,-0.42807451000000013,-1.6358838840000005,-0.195145,-0.187633,0.523336,-3.01532,-0.30532,-1.61909,0.024859494699999873,0.0738502871666667,0.03492369749999902,-1.2543564250000028,-0.12275451000000015,-0.016793884000000592
2.7333333333333334,-0.17037058280000014,-0.11463775949999996,0.5582241653333324,-4.26549254166667,-0.4296087366666668,-1.6377461173333339,-0.195301,-0.188027,0.523991,-3.02915,-0.30181,-1.61714,0.02493041719999986,0.07338924050000004,0.03423316533333243,-1.2363425416666698,-0.1277987366666668,-0.02060611733333384
2.75,-0.17048902530000015,-0.11552284449999996,0.5582543264999991,-4.26223979166667,-0.43079068000000015,-1.6394259673333338,-0.195453,-0.18837,0.524764,-3.04408,-0.298034,-1.61481,0.024963974699999836,0.07284715550000005,0.03349032649999906,-1.21815979166667,-0.13275668000000013,-0.02461596733333371
2.7666666666666666,-0.1706378284666668,-0.11642788616666662,0.5583436591666657,-4.1948532916666705,-0.43162240333333346,-1.6409767523333338,-0.195589,-0.188596,0.52548,-2.02032,-0.294065,-1.61324,0.024951171533333205,0.0721681138333334,0.03286365916666578,-2.1745332916666706,-0.13755740333333344,-0.027736752333333836
2.783333333333333,-0.1708144684666668,-0.11734809616666662,0.5584867468333324,-4.073114458333337,-0.43206956166666677,-1.6424147673333338,-0.195714,-0.188781,0.526153,-1.1129,-0.289319,-1.61189,0.024899531533333186,0.07143290383333338,0.032333746833332455,-2.960214458333337,-0.14275056166666678,-0.030524767333333758
2.8,-0.17101652180000015,-0.11828176449999996,0.5586786418333325,-3.9057477916666703,-0.43218775516666674,-1.6437319123333338,-0.19583,-0.188972,0.526787,-0.310386,-0.285208,-1.61037,0.02481347819999985,0.07069023550000005,0.031891641833332485,-3.5953617916666705,-0.14697975516666673,-0.03336191233333374
2.8166666666666664,-0.1712419684666668,-0.11922730116666662,0.5589129834999992,-3.7005061250000035,-0.43200255350000005,-1.644930850666667,-0.195941,-0.189169,0.527356,0.39777,-0.281285,-1.60883,0.024699031533333193,0.06994169883333338,0.031556983499999136,-4.0982761250000035,-0.15071755350000005,-0.03610085066666713
2.8333333333333335,-0.17148948013333348,-0.12018316116666662,0.5591855884999992,-3.4643427916666703,-0.43152985350000006,-1.6459983490000005,-0.196056,-0.189371,0.527892,1.01997,-0.277407,-1.60704,0.024566519866666525,0.06918783883333339,0.03129358849999919,-4.48431279166667,-0.15412285350000005,-0.0389583490000005
2.85,-0.17175700513333347,-0.12114543949999995,0.5594980651666659,-3.2034977916666705,-0.43077841350000007,-1.6469307006666671,-0.196164,-0.18954,0.528486,1.56357,-0.273469,-1.60513,0.02440699486666653,0.06839456050000003,0.03101206516666588,-4.767067791666671,-0.15730941350000005,-0.04180070066666719
2.8666666666666667,-0.17204182013333347,-0.12210768283333329,0.5598516218333326,-2.9234877916666706,-0.4297785568333334,-1.6477617640000004,-0.196252,-0.189631,0.529131,2.03652,-0.269818,-1.60369,0.024210179866666542,0.06752331716666671,0.030720621833332573,-4.960007791666671,-0.15996055683333338,-0.044071764000000346
2.8833333333333333,-0.17234069513333347,-0.12307013616666662,0.5602462551666659,-2.6291827916666706,-0.42855863183333337,-1.6484564640000003,-0.19631,-0.189748,0.529809,2.4459,-0.26644,-1.60165,0.02396930486666654,0.06667786383333338,0.030437255166665955,-5.07508279166667,-0.16211863183333336,-0.046806464000000325
2.9,-0.17264924180000013,-0.12402844116666663,0.5606751568333326,-2.3248294583333373,-0.42714392683333335,-1.6490389240000003,-0.196318,-0.189816,0.530413,2.79872,-0.263301,-1.59993,0.023668758199999862,0.06578755883333338,0.030262156833332554,-5.123549458333337,-0.16384292683333335,-0.04910892400000022
2.9166666666666665,-0.1729648484666668,-0.12497928616666663,0.5611332334999992,-2.0141794583333374,-0.4254986785,-1.6495386173333337,-0.196301,-0.189849,0.530964,3.1004,-0.25944,-1.59863,0.02333615153333321,0.06486971383333336,0.030169233499999226,-5.1145794583333375,-0.1660586785,-0.05090861733333374
2.933333333333333,-0.17328607180000014,-0.12591667949999996,0.5616161834999992,-1.7005011250000042,-0.4236158285,-1.6500116023333338,-0.196276,-0.189802,0.531474,3.35628,-0.255294,-1.59818,0.02298992819999987,0.06388532050000004,0.030142183499999198,-5.056781125000004,-0.1683218285,-0.05183160233333384
2.95,-0.17361509513333348,-0.12684315449999997,0.5621187551666659,-1.3866261250000043,-0.4214883618333333,-1.6504339990000005,-0.1963,-0.189805,0.531923,3.57137,-0.250856,-1.59735,0.022684904866666522,0.06296184550000003,0.03019575516666584,-4.957996125000005,-0.1706323618333333,-0.05308399900000049
2.966666666666667,-0.17395177513333349,-0.12775554616666665,0.5626334434999992,-1.0749744583333376,-0.4191771285,-1.650834507333334,-0.196337,-0.18977,0.532274,3.75043,-0.247205,-1.59695,0.022385224866666525,0.062014453833333344,0.030359443499999195,-4.825404458333338,-0.1719721285,-0.05388450733333383
2.9833333333333334,-0.17429292180000014,-0.1286552345,0.5631575784999993,-0.7677077916666709,-0.41661374516666666,-1.651164157333334,-0.196338,-0.189767,0.532597,3.896,-0.242314,-1.59577,0.022045078199999874,0.0611117655,0.03056057849999927,-4.6637077916666705,-0.17429974516666666,-0.05539415733333408
3.0,-0.17463691180000013,-0.12954356949999998,0.5636864168333325,-0.46664945833333754,-0.41378779516666664,-1.6514185940000006,-0.196326,-0.189794,0.532859,4.0121,-0.237064,-1.59449,0.021689088199999873,0.06025043050000001,0.030827416833332566,-4.478749458333338,-0.17672379516666664,-0.05692859400000061
3.0166666666666666,-0.1749842434666668,-0.13042729616666665,0.5642136634999992,-0.17327112500000424,-0.4107001285,-1.6515913523333339,-0.196333,-0.189939,0.533032,4.10308,-0.231627,-1.59307,0.021348756533333207,0.059511703833333346,0.03118166349999929,-4.276351125000004,-0.17907312849999998,-0.05852135233333389
3.033333333333333,-0.17533493513333348,-0.1313081545,0.5647315868333326,0.11124720833332913,-0.40737716183333333,-1.651704567833334,-0.196353,-0.190126,0.533089,4.1726,-0.226412,-1.59196,0.02101806486666652,0.05881784549999999,0.03164258683333254,-4.061352791666671,-0.18096516183333333,-0.05974456783333393
3.05,-0.17568973180000014,-0.13218518783333333,0.5652322434999992,0.38592554166666243,-0.40380341183333335,-1.6517516900000007,-0.196395,-0.190311,0.53302,4.22301,-0.220764,-1.59072,0.02070526819999985,0.05812581216666668,0.03221224349999918,-3.837084458333338,-0.18303941183333336,-0.06103169000000075
3.0666666666666664,-0.17605224513333348,-0.13305484283333333,0.5657065034999992,0.6499755416666624,-0.3999526785,-1.6517598472666672,-0.196507,-0.190453,0.532803,4.25658,-0.2145,-1.58988,0.020454754866666508,0.057398157166666686,0.032903503499999154,-3.6066044583333374,-0.1854526785,-0.06187984726666729
3.0833333333333335,-0.17642646346666682,-0.13392170949999999,0.5661498351666658,0.902752208333329,-0.3957768785,-1.6517107586000006,-0.196697,-0.190679,0.532504,4.27502,-0.207254,-1.58873,0.02027053653333319,0.0567572905,0.03364583516666586,-3.372267791666671,-0.1885228785,-0.06298075860000063
3.1,-0.1768111084666668,-0.1347874395,0.5665562051666658,1.1438205416666625,-0.39130949516666663,-1.651616244433334,-0.196882,-0.190944,0.532097,4.28115,-0.200297,-1.58773,0.02007089153333319,0.05615656050000001,0.034459205166665785,-3.1373294583333378,-0.19101249516666663,-0.0638862444333339
3.1166666666666667,-0.1772028034666668,-0.13564811783333333,0.5669243001666658,1.372857208333329,-0.38661024516666664,-1.651478531933334,-0.197028,-0.19116,0.531652,4.27627,-0.194066,-1.58675,0.0198251965333332,0.055511882166666665,0.035272300166665826,-2.903412791666671,-0.19254424516666666,-0.06472853193333394
3.1333333333333333,-0.17760099680000013,-0.13649842783333332,0.5672560551666659,1.5896188749999958,-0.3817030951666666,-1.6513125881000008,-0.197179,-0.191302,0.53122,4.26139,-0.188027,-1.58599,0.01957800319999986,0.054803572166666675,0.03603605516666586,-2.671771125000004,-0.19367609516666662,-0.0653225881000008
3.15,-0.17800502013333347,-0.13734188116666665,0.5675574784999993,1.793957208333329,-0.3766391951666666,-1.6510776847666675,-0.197331,-0.191507,0.530867,4.23767,-0.182628,-1.58456,0.019325979866666537,0.05416511883333336,0.03669047849999929,-2.4437127916666705,-0.1940111951666666,-0.06651768476666753
3.1666666666666665,-0.17841254680000013,-0.13817762283333332,0.5678358584999993,1.9857705416666624,-0.3714438618333333,-1.6507762364333343,-0.197458,-0.191708,0.530616,4.20566,-0.177486,-1.58314,0.019045453199999868,0.05353037716666667,0.037219858499999314,-2.2198894583333377,-0.19395786183333327,-0.06763623643333427
3.183333333333333,-0.17882297680000012,-0.13899947283333333,0.5680938368333326,2.165063874999996,-0.36608192849999993,-1.6504672164333343,-0.197586,-0.191818,0.530398,4.16685,-0.171651,-1.58261,0.018763023199999895,0.05281852716666666,0.03769583683333255,-2.001786125000004,-0.19443092849999993,-0.0678572164333342
3.2,-0.17923570013333345,-0.13980244283333332,0.5683329168333325,2.3319422083333294,-0.3605436951666666,-1.6501616497666676,-0.197714,-0.191851,0.530195,4.1227,-0.165508,-1.58226,0.018478299866666548,0.052048557166666676,0.038137916833332564,-1.7907577916666706,-0.19503569516666663,-0.06790164976666757
3.216666666666667,-0.17964897846666678,-0.14058538783333333,0.5685555968333326,2.4865707083333293,-0.3548329285,-1.6498396464333343,-0.197823,-0.191867,0.530025,4.07411,-0.159266,-1.5816,0.018174021533333223,0.051281612166666685,0.0385305968333326,-1.5875392916666708,-0.1955669285,-0.06823964643333436
3.2333333333333334,-0.1800594618000001,-0.14134489616666665,0.5687593118333326,2.6292082083333295,-0.3489856618333333,-1.6495081164333343,-0.197887,-0.191828,0.529807,4.02253,-0.153443,-1.58104,0.01782753819999991,0.05048310383333335,0.03895231183333259,-1.3933217916666703,-0.1955426618333333,-0.06846811643333428
3.25,-0.1804642468000001,-0.14208255283333332,0.5689415651666659,2.7601392083333294,-0.3430087118333333,-1.6491299314333343,-0.197911,-0.19181,0.52954,3.96841,-0.147592,-1.57989,0.017446753199999915,0.04972744716666669,0.03940156516666593,-1.2082707916666706,-0.1954167118333333,-0.06923993143333429
3.2666666666666666,-0.18086323680000008,-0.14279858616666666,0.5690976024999993,2.8797117083333292,-0.3368998118333333,-1.6487108264333343,-0.197936,-0.191792,0.529188,3.91283,-0.141575,-1.57879,0.017072763199999924,0.04899341383333333,0.03990960249999931,-1.0331182916666708,-0.19532481183333328,-0.06992082643333442
3.283333333333333,-0.18126076513333342,-0.1434941195,0.5692234234999993,2.9882957083333292,-0.3305622118333333,-1.6482695447666678,-0.198034,-0.19179,0.528758,3.85623,-0.13388,-1.57798,0.01677323486666657,0.0482958805,0.040465423499999376,-0.8679342916666708,-0.1966822118333333,-0.07028954476666782
3.3,-0.18165799846666675,-0.14416139949999998,0.5693165789999993,3.0863015416666624,-0.3240039284999999,-1.647883823100001,-0.198157,-0.19166,0.528273,3.79938,-0.126119,-1.57839,0.016499001533333252,0.047498600500000016,0.04104357899999933,-0.7130784583333378,-0.19788492849999992,-0.06949382310000107
3.3166666666666664,-0.18205300013333342,-0.14479596449999999,0.5693791523333327,3.174141208333329,-0.3172624451666666,-1.6475617997666676,-0.198255,-0.19145,0.527803,3.74247,-0.11877,-1.57897,0.016201999866666567,0.046654035500000024,0.04157615233333267,-0.568328791666671,-0.1984924451666666,-0.06859179976666763
3.3333333333333335,-0.1824432418000001,-0.14539436449999998,0.569412385166666,3.2522675416666624,-0.31043519516666657,-1.6473016197666677,-0.198318,-0.191174,0.527335,3.68629,-0.11281,-1.57955,0.015874758199999894,0.04577963550000003,0.04207738516666604,-0.43402245833333764,-0.19762519516666657,-0.06775161976666766
3.35,-0.1828264118000001,-0.14595799783333332,0.5694234259166661,3.3210620416666625,-0.30346914516666657,-1.6470808914333344,-0.198347,-0.190906,0.526965,3.62991,-0.105897,-1.57983,0.015520588199999907,0.04494800216666667,0.04245842591666604,-0.30884795833333767,-0.19757214516666655,-0.06725089143333429
3.3666666666666667,-0.1832019351333334,-0.1464870395,0.5694163450833327,3.3809375416666625,-0.29637694516666657,-1.6469200404333344,-0.198369,-0.190627,0.526648,3.57397,-0.0990481,-1.58045,0.01516706486666658,0.04413996049999999,0.042768345083332715,-0.1930324583333376,-0.19732884516666657,-0.06647004043333449
3.3833333333333333,-0.18357050346666676,-0.14698215116666666,0.5693899852499994,3.432360708333329,-0.28919666183333326,-1.6468351972666677,-0.198403,-0.190344,0.526302,3.51952,-0.0926765,-1.58137,0.01483249653333324,0.043361848833333355,0.04308798524999935,-0.08715929166667102,-0.19652016183333326,-0.06546519726666777
3.4,-0.18393316846666677,-0.1474437995,0.5693449850833328,3.475796208333329,-0.28196162849999995,-1.6468203037166678,-0.198455,-0.190055,0.525955,3.46674,-0.0867302,-1.58225,0.014521831533333224,0.0426112005,0.043389985083332805,0.009056208333328986,-0.19523142849999997,-0.06457030371666783
3.4166666666666665,-0.18429112846666676,-0.1478754095,0.5692828070833328,3.511720874999996,-0.2747032451666666,-1.6468254642333344,-0.198528,-0.189805,0.52562,3.41604,-0.0812001,-1.58237,0.01423687153333325,0.0419295905,0.04366280708333281,0.09568087499999578,-0.1935031451666666,-0.06445546423333437
3.433333333333333,-0.18464495013333343,-0.14827192116666665,0.5692051009166661,3.5405942083333293,-0.2674373951666666,-1.6468845792333344,-0.198612,-0.189461,0.525301,3.36739,-0.0758578,-1.58306,0.013967049866666581,0.04118907883333334,0.04390410091666608,0.1732042083333294,-0.1915795951666666,-0.06382457923333451
3.4499999999999997,-0.18499498846666676,-0.14863328616666666,0.5691125279166661,3.5628490416666625,-0.26018601183333323,-1.6470291532333343,-0.198705,-0.1891,0.524984,3.32058,-0.0708114,-1.58428,0.013710011533333233,0.040466713833333334,0.044128527916666105,0.2422690416666624,-0.18937461183333323,-0.06274915323333441
3.466666666666667,-0.18533717846666675,-0.14896664783333333,0.5690094059166662,3.5788503916666623,-0.2529537784999999,-1.6472361482333344,-0.198735,-0.188837,0.524726,3.27477,-0.0658,-1.5852,0.013397821533333243,0.03987035216666668,0.04428340591666613,0.3040803916666621,-0.1871537784999999,-0.062036148233334476
3.4833333333333334,-0.18566510013333343,-0.14928122616666667,0.5688971510833328,3.5889623416666625,-0.24566346183333324,-1.6474573515666677,-0.198663,-0.188707,0.524484,3.2301,-0.0595196,-1.58539,0.012997899866666579,0.039425773833333344,0.04441315108333288,0.3588623416666623,-0.18614386183333323,-0.06206735156666765
3.5,-0.1859737418000001,-0.14958598116666666,0.5687714535833328,3.5935968916666625,-0.23828901183333323,-1.647624549900001,-0.198506,-0.188713,0.524167,3.18755,-0.052741,-1.5845,0.012532258199999896,0.03912701883333333,0.04460445358333276,0.40604689166666263,-0.18554801183333322,-0.06312454990000105
3.5166666666666666,-0.1862604918000001,-0.1498869095,0.5686264144166662,3.5931762199999957,-0.23084979516666657,-1.647676153400001,-0.1983,-0.188812,0.523748,3.14748,-0.046174,-1.5826,0.01203950819999991,0.03892509050000001,0.04487841441666618,0.44569621999999587,-0.18467579516666657,-0.06507615340000106
3.533333333333333,-0.18652488013333343,-0.1501869945,0.5684609580833329,3.5880750366666625,-0.22331569516666658,-1.6475857780666678,-0.198077,-0.18896,0.523299,3.10938,-0.0390407,-1.58022,0.011552119866666571,0.038773005499999985,0.0451619580833329,0.4786950366666627,-0.18427499516666657,-0.06736577806666788
3.55,-0.1867685618000001,-0.15048594116666666,0.5682779530833328,3.5786545366666624,-0.2157128284999999,-1.6473611264000012,-0.19787,-0.189107,0.522883,3.07323,-0.0322208,-1.57788,0.011101438199999897,0.03862105883333333,0.045394953083332856,0.5054245366666623,-0.1834920284999999,-0.06948112640000126
3.5666666666666664,-0.1869913668000001,-0.15077781283333333,0.5680887464166662,3.5651995366666624,-0.20805951183333324,-1.6470506064000012,-0.197651,-0.189161,0.522636,3.03802,-0.0256064,-1.57622,0.010659633199999907,0.038383187166666666,0.04545274641666619,0.5271795366666625,-0.18245311183333324,-0.07083060640000127
3.5833333333333335,-0.18719612013333342,-0.1510593445,0.5679029897499995,3.548026703333329,-0.20044406183333324,-1.6466927897333345,-0.197468,-0.189161,0.522539,3.00442,-0.0203271,-1.57513,0.010271879866666583,0.0381016555,0.045363989749999556,0.5436067033333289,-0.18011696183333326,-0.07156278973333463
3.6,-0.18738398513333343,-0.15132807283333333,0.5677231430833328,3.527478369999996,-0.1929109784999999,-1.6463157530666679,-0.197295,-0.18912,0.522482,2.97301,-0.0157389,-1.57447,0.009911014866666568,0.03779192716666668,0.045241143083332824,0.5544683699999959,-0.1771720784999999,-0.07184575306666785
3.6166666666666667,-0.18755432346666676,-0.1515845945,0.5675455197499994,3.5038952033333293,-0.18550571183333325,-1.6459100980666679,-0.197103,-0.189082,0.52237,2.94398,-0.0118854,-1.57363,0.009548676533333245,0.0374974055,0.04517551974999945,0.5599152033333294,-0.17362031183333326,-0.0722800980666678
3.6333333333333333,-0.18770807646666676,-0.15183141783333334,0.5673640047499995,3.4776237033333293,-0.17824972849999993,-1.6454569864000013,-0.196919,-0.18908,0.52216,2.91762,-0.00841397,-1.57249,0.009210923533333248,0.037248582166666655,0.04520400474999953,0.5600037033333294,-0.16983575849999993,-0.07296698640000132
3.65,-0.1878478258000001,-0.15206849283333335,0.5671709147499995,3.449003369999996,-0.1711119951666666,-1.6449640947333346,-0.196767,-0.189074,0.521824,2.89402,-0.00450161,-1.57143,0.008919174199999907,0.037005507166666646,0.04534691474999952,0.554983369999996,-0.1666103851666666,-0.0735340947333345
3.6666666666666665,-0.18797674846666676,-0.15229114283333334,0.5669643097499995,3.418308703333329,-0.16407157849999993,-1.6444750997333346,-0.196659,-0.188989,0.52145,2.87237,-0.000292706,-1.57104,0.00868225153333324,0.03669785716666665,0.04551430974999948,0.545938703333329,-0.16377887249999992,-0.07343509973333462
3.683333333333333,-0.18809883546666675,-0.15249568616666667,0.5667471914166661,3.385773203333329,-0.15714962849999992,-1.644022943066668,-0.196611,-0.188839,0.521114,2.85218,0.00355191,-1.57119,0.008512164533333255,0.036343313833333335,0.04563319141666611,0.533593203333329,-0.1607015384999999,-0.07283294306666788
3.6999999999999997,-0.18821499830000007,-0.15267969783333335,0.5665261280833327,3.3515822033333293,-0.1503774451666666,-1.6436225897333345,-0.196574,-0.18864,0.520875,2.83282,0.00685504,-1.57159,0.008359001699999924,0.03596030216666665,0.045651128083332715,0.5187622033333295,-0.1572324851666666,-0.07203258973333448
3.716666666666667,-0.18832419380000007,-0.15284128033333336,0.5663044430833327,3.3159315366666626,-0.14374016183333327,-1.643295196400001,-0.196519,-0.188401,0.520686,2.8146,0.0103327,-1.57236,0.008194806199999932,0.035559719666666656,0.04561844308333274,0.5013315366666626,-0.15407286183333327,-0.07093519640000112
3.7333333333333334,-0.18842647680000008,-0.15298303550000003,0.5660791830833327,3.279071369999996,-0.13726287849999994,-1.6430304864000012,-0.196461,-0.188191,0.520449,2.7985,0.0133538,-1.57302,0.008034523199999921,0.035207964499999966,0.045630183083332665,0.48057136999999583,-0.15061667849999993,-0.07001048640000107
3.75,-0.1885230796333334,-0.1531065456666667,0.5658454580833328,3.2412427033333295,-0.13095617849999994,-1.6428352247333344,-0.196421,-0.187995,0.52013,2.78454,0.0161327,-1.57382,0.007897920366666616,0.03488845433333329,0.04571545808333277,0.45670270333332974,-0.14708887849999994,-0.06901522473333443
3.7666666666666666,-0.18861229196666673,-0.15321379433333338,0.5656023064166661,3.202627369999996,-0.12481197849999993,-1.642689657900001,-0.19635,-0.187821,0.51979,2.77195,0.0189585,-1.57435,0.007737708033333263,0.03460720566666661,0.045812306416666115,0.4306773699999962,-0.14377047849999994,-0.06833965790000107
3.783333333333333,-0.18869316930000007,-0.1533071456666667,0.5653502014166661,3.163387869999996,-0.1188364951666666,-1.6425771965666676,-0.196262,-0.187675,0.51945,2.76053,0.0216062,-1.57465,0.007568830699999918,0.03436785433333331,0.045900201416666175,0.40285786999999607,-0.1404426951666666,-0.06792719656666746
3.8,-0.18876655496666675,-0.15338981750000003,0.5650900347499995,3.123672036666663,-0.11299112849999993,-1.6425056327333343,-0.196182,-0.187573,0.519118,2.75019,0.0247852,-1.57509,0.0074154450333332456,0.034183182499999964,0.04597203474999956,0.37348203666666313,-0.13777632849999993,-0.06741563273333417
3.8166666666666664,-0.18883436330000009,-0.1534631221666667,0.5648225897499995,3.0836167033333295,-0.10724656183333325,-1.6424722352333343,-0.19613,-0.187485,0.518792,2.74083,0.028369,-1.57552,0.007295636699999913,0.034021877833333325,0.04603058974999952,0.3427867033333296,-0.13561556183333326,-0.06695223523333427
3.8333333333333335,-0.18889677780000008,-0.15351959883333335,0.5645431330833329,3.0433927033333297,-0.10158451183333325,-1.642527252400001,-0.196078,-0.187274,0.518385,2.73311,0.0321987,-1.57678,0.00718122219999992,0.03375440116666664,0.04615813308333294,0.31028270333332975,-0.13378321183333325,-0.0657472524000009
3.85,-0.18895565330000008,-0.15355687383333336,0.5642451497499996,3.0032177033333296,-0.09608091183333325,-1.642650573900001,-0.196053,-0.187014,0.517865,2.72791,0.0347787,-1.57777,0.0070973466999999235,0.033457126166666656,0.0463801497499996,0.27530770333332955,-0.13085961183333325,-0.06488057390000113
3.8666666666666667,-0.18901321146666675,-0.15357549450000002,0.5639260247499996,2.963245869999996,-0.09073257849999992,-1.642839058900001,-0.196062,-0.186751,0.51729,2.72436,0.037325,-1.57876,0.007048788533333239,0.03317550549999998,0.046636024749999616,0.23888586999999628,-0.12805757849999994,-0.0640790589000011
3.8833333333333333,-0.18906947146666675,-0.15357626536000002,0.5635842880833329,2.9236128699999964,-0.08554634516666659,-1.643112863900001,-0.196072,-0.18649,0.516677,2.72228,0.0396775,-1.58012,0.0070025285333332465,0.03291373463999997,0.04690728808333289,0.20133286999999633,-0.1252238451666666,-0.06299286390000103
3.9,-0.18912121096666676,-0.15356740079333336,0.5632183147499996,2.884440036666663,-0.08054636183333326,-1.6433972255666676,-0.196029,-0.186349,0.516023,2.72156,0.0415537,-1.58034,0.00690778903333325,0.03278159920666662,0.047195314749999606,0.16288003666666295,-0.12210006183333326,-0.06305722556666749
3.9166666666666665,-0.1891652443000001,-0.15355607859333337,0.5628280447499996,2.84580420333333,-0.07575209516666659,-1.6435989105666675,-0.195934,-0.186316,0.515351,2.72157,0.0430118,-1.57908,0.0067687556999999066,0.03275992140666664,0.047477044749999586,0.12423420333333013,-0.11876389516666659,-0.06451891056666748
3.933333333333333,-0.18920295396666675,-0.15353923459333338,0.5624128497499996,2.807808036666663,-0.07115609516666659,-1.6437514827333342,-0.195857,-0.186232,0.514651,2.72281,0.0444673,-1.57832,0.00665404603333325,0.03269276540666663,0.04776184974999964,0.08499803666666317,-0.11562339516666659,-0.06543148273333421
3.9499999999999997,-0.18923773363333343,-0.1535132029266667,0.5619756464166663,2.7705355366666633,-0.06678894516666659,-1.6439036127333342,-0.19583,-0.186086,0.513981,2.72506,0.0453155,-1.5783,0.0065922663666665715,0.0325727970733333,0.04799464641666629,0.04547553666666326,-0.1121044451666666,-0.06560361273333415
3.966666666666667,-0.18927043146666678,-0.15347847659333336,0.5615242980833329,2.73400170333333,-0.06263707849999992,-1.644048907900001,-0.195816,-0.185941,0.51342,2.72728,0.0462405,-1.57819,0.0065455685333332125,0.03246252340666664,0.04810429808333294,0.006721703333329998,-0.1088775784999999,-0.06585890790000093
3.9833333333333334,-0.18930000780000011,-0.15344011126,0.5610636180833329,2.69824570333333,-0.05873854516666658,-1.644157404900001,-0.195784,-0.185872,0.512925,2.72992,0.0464247,-1.5776,0.0064839921999998995,0.03243188874,0.048138618083332974,-0.0316742966666701,-0.10516324516666659,-0.06655740490000106
4.0,-0.18932374613333344,-0.15340396359333333,0.5605959430833329,2.66330470333333,-0.05507104516666658,-1.6442004485666677,-0.195707,-0.185893,0.512459,2.73298,0.0468056,-1.57653,0.0063832538666665495,0.03248903640666667,0.04813694308333294,-0.06967529666667005,-0.10187664516666659,-0.0676704485666677
4.016666666666667,-0.18933736605000012,-0.15337107809333334,0.5601226747499995,2.62920220333333,-0.05159117849999992,-1.6441601540666677,-0.195558,-0.185931,0.512008,2.73628,0.0477323,-1.57513,0.0062206339499998875,0.03255992190666668,0.04811467474999953,-0.10707779666666983,-0.09932347849999992,-0.06903015406666779
4.033333333333333,-0.18934192023333346,-0.15333957776,0.5596427097499995,2.5960055366666634,-0.04834799516666659,-1.6440472290666677,-0.19542,-0.185941,0.511533,2.74058,0.0477527,-1.57386,0.00607807976666655,0.03260142223999998,0.04810970974999951,-0.14457446333333657,-0.09610069516666658,-0.07018722906666763
4.05,-0.1893424910016668,-0.15331344642666667,0.5591582097499995,2.56373620333333,-0.045323845166666585,-1.643844652400001,-0.195358,-0.186016,0.511086,2.74519,0.0479005,-1.57228,0.006015508998333197,0.03270255357333332,0.048072209749999484,-0.18145379666666983,-0.09322434516666658,-0.0715646524000011
4.066666666666666,-0.18934426851833347,-0.15328954742666667,0.5586684014166662,2.5324135366666636,-0.04248557849999992,-1.6435861890666676,-0.195377,-0.186042,0.510622,2.75012,0.0484318,-1.57118,0.006032731481666526,0.03275245257333334,0.04804640141666616,-0.21770646333333632,-0.09091737849999992,-0.07240618906666763
4.083333333333333,-0.18934718556833346,-0.15326803692666668,0.5581710964166662,2.502081869999997,-0.03980309516666659,-1.643253527400001,-0.195395,-0.186073,0.510117,2.7558,0.0493167,-1.56975,0.006047814431666548,0.032804963073333304,0.04805409641666614,-0.2537181300000029,-0.08911979516666658,-0.0735035274000011
4.1,-0.18934787049000013,-0.15325546934333334,0.5576675464166662,2.4727322033333303,-0.03723337849999992,-1.642764277400001,-0.19536,-0.186209,0.509624,2.76144,0.0507789,-1.56696,0.006012129509999881,0.032953530656666674,0.048043546416666194,-0.28870779666666957,-0.08801227849999993,-0.07580427740000117
4.116666666666666,-0.18934278202333346,-0.15325368444333334,0.5571597180833329,2.444324869999997,-0.03471396183333325,-1.6421071507333345,-0.195267,-0.186379,0.509156,2.76655,0.0531547,-1.56389,0.005924217976666535,0.033125315556666646,0.048003718083332814,-0.3222251300000032,-0.08786866183333325,-0.07821715073333446
4.133333333333333,-0.18933254620666679,-0.15326714462666668,0.5566464330833328,2.416856369999997,-0.03224716183333325,-1.6412484240666678,-0.195181,-0.186628,0.508665,2.77172,0.0554472,-1.56018,0.005848453793333208,0.033360855373333304,0.0479814330833328,-0.3548636300000032,-0.08769436183333326,-0.08106842406666792
4.15,-0.18931713275666678,-0.15329521246000002,0.5561237547499995,2.390307869999997,-0.029713295166666587,-1.6401712040666678,-0.19509,-0.186875,0.508104,2.77671,0.0596035,-1.55606,0.0057728672433332295,0.03357978753999999,0.04801975474999953,-0.3864021300000031,-0.08931679516666659,-0.08411120406666783
4.166666666666667,-0.18929829392333344,-0.15333051096000003,0.5555871547499995,2.3647145366666638,-0.027129611833333254,-1.638886417400001,-0.195025,-0.187014,0.507463,2.7824,0.0635107,-1.55198,0.00572670607666656,0.033683489039999986,0.04812415474999954,-0.4176854633333362,-0.09064031183333326,-0.08690641740000116
4.183333333333334,-0.1892785160900001,-0.1533664001266667,0.5550366880833328,2.340093036666664,-0.024568361833333253,-1.6374129624000011,-0.194997,-0.187051,0.506812,2.78853,0.0662808,-1.54807,0.005718483909999905,0.033684599873333304,0.0482246880833328,-0.44843696333333627,-0.09084916183333325,-0.08934296240000106
4.2,-0.18925669325666677,-0.15340107029333336,0.5544814514166662,2.3163392033333308,-0.021949195166666588,-1.635731012400001,-0.194951,-0.18706,0.506295,2.7932,0.070307,-1.54371,0.005694306743333238,0.033658929706666646,0.04818645141666611,-0.47686079666666936,-0.09225619516666658,-0.09202101240000116
4.216666666666667,-0.1892308235900001,-0.15342650629333335,0.5539272497499995,2.2933708699999973,-0.019236395166666587,-1.633899912400001,-0.194871,-0.18694,0.505864,2.79673,0.0749261,-1.54016,0.005640176409999892,0.03351349370666665,0.04806324974999954,-0.5033591300000029,-0.09416249516666658,-0.09373991240000112
4.233333333333333,-0.18920113309000008,-0.15343883261000002,0.5533815747499995,2.271116036666664,-0.016456045166666586,-1.6319535290666678,-0.194792,-0.186753,0.505552,2.79922,0.0791745,-1.53705,0.005590866909999909,0.03331416738999998,0.04782957474999949,-0.528103963333336,-0.09563054516666658,-0.09490352906666777
4.25,-0.18916843075666676,-0.15343396471,0.5528521330833328,2.249471036666664,-0.013514811833333253,-1.629908862400001,-0.194724,-0.186492,0.505365,2.80016,0.0849444,-1.53412,0.005555569243333253,0.03305803528999998,0.047487133083332855,-0.5506889633333358,-0.09845921183333325,-0.09578886240000117
4.266666666666667,-0.18913531175666676,-0.15339988254333334,0.5523413397499994,2.228368036666664,-0.010377361833333253,-1.627848112400001,-0.194695,-0.186029,0.505224,2.80007,0.091368,-1.53243,0.0055596882433332495,0.03262911745666666,0.04711733974999943,-0.5717019633333358,-0.10174536183333326,-0.09541811240000109
4.283333333333333,-0.18910199842333342,-0.15333015571,0.5518490430833328,2.207791536666664,-0.007089145166666587,-1.625815962400001,-0.194669,-0.185445,0.50509,2.79974,0.0971788,-1.53143,0.0055670015766665915,0.03211484429,0.046759043083332785,-0.5919484633333361,-0.10426794516666658,-0.09438596240000097
4.3,-0.18906640542333342,-0.15323102954333334,0.5513766430833328,2.187723036666664,-0.003670945166666587,-1.623752062400001,-0.194609,-0.184938,0.504989,2.79915,0.102745,-1.52946,0.005542594576666587,0.03170697045666665,0.046387643083332764,-0.611426963333336,-0.1064159451666666,-0.09429206240000099
4.316666666666666,-0.18902971175666675,-0.15310170421,0.5509220380833327,2.168183536666664,-0.0001874784999999204,-1.6216550457333343,-0.194566,-0.184399,0.504864,2.79891,0.107353,-1.52745,0.005536288243333243,0.03129729579000001,0.04605803808333275,-0.6307264633333358,-0.10754047849999993,-0.09420504573333432
4.333333333333333,-0.18899814675666674,-0.15293286254333333,0.550481216416666,2.1492018699999975,0.0032968048333334127,-1.619621612400001,-0.194622,-0.183692,0.504684,2.79919,0.110969,-1.52694,0.005623853243333254,0.03075913745666667,0.04579721641666601,-0.6499881300000023,-0.10767219516666658,-0.09268161240000095
4.35,-0.18897947975666674,-0.1527148925433333,0.5500541480833328,2.1307508699999973,0.006774188166666746,-1.617754262400001,-0.194805,-0.182805,0.504511,2.79911,0.114459,-1.52809,0.005825520243333271,0.03009010745666668,0.04554314808333271,-0.6683591300000029,-0.10768481183333325,-0.08966426240000103
4.366666666666666,-0.18898213174000006,-0.15243988587666665,0.5496422497499994,2.1128063699999973,0.010256004833333412,-1.616146617400001,-0.195131,-0.18176,0.504369,2.79872,0.118123,-1.53083,0.00614886825999994,0.029320114123333352,0.04527324974999947,-0.6859136300000026,-0.10786699516666659,-0.08531661740000107
4.383333333333333,-0.18901160740666673,-0.15210936421,0.5492445064166661,2.095403869999997,0.013713104833333411,-1.614806397400001,-0.195557,-0.180701,0.504218,2.79896,0.121321,-1.53384,0.006545392593333282,0.028591635790000014,0.04502650641666606,-0.703556130000003,-0.10760789516666659,-0.080966397400001
4.4,-0.18906903074000006,-0.15172985087666666,0.5488615530833327,2.0785647033333303,0.017127488166666746,-1.6136997090666678,-0.196018,-0.17971,0.504086,2.79965,0.124213,-1.53647,0.0069489692599999375,0.027980149123333353,0.0447755530833327,-0.7210852966666699,-0.10708551183333326,-0.07722970906666782
4.416666666666667,-0.18915470740666673,-0.15130761254333333,0.5484963497499994,2.0622990533333305,0.02046767150000008,-1.6128251307333346,-0.196502,-0.178786,0.504009,2.80062,0.126574,-1.53921,0.007347292593333277,0.02747838745666667,0.04448734974999935,-0.7383209466666694,-0.10610632849999992,-0.07361513073333459
4.433333333333334,-0.18926707440666674,-0.15085217754333333,0.5481567897499994,2.0465582533333304,0.02372747150000008,-1.6121764857333345,-0.196978,-0.177984,0.504069,2.80096,0.128786,-1.542,0.007710925593333251,0.027131822456666677,0.044087789749999384,-0.7544017466666695,-0.10505852849999993,-0.07017648573333446
4.45,-0.18940502540666673,-0.15036939587666667,0.5478436997499994,2.0313436866666637,0.02685657150000008,-1.6117428507333345,-0.197455,-0.177251,0.504157,2.80145,0.130141,-1.54475,0.008049974593333259,0.02688160412333332,0.04368669974999939,-0.7701063133333363,-0.10328442849999993,-0.06699285073333439
4.466666666666667,-0.18956357340666674,-0.14986377754333333,0.5475521547499994,2.0166846866666637,0.029860654833333413,-1.6115080207333345,-0.197869,-0.176569,0.504183,2.80254,0.131502,-1.54738,0.008305426593333248,0.026705222456666677,0.04336915474999936,-0.7858553133333364,-0.10164134516666659,-0.06412802073333457
4.483333333333333,-0.18973819174000006,-0.14934160754333334,0.5472800847499995,2.0026059366666638,0.03272470483333341,-1.6114538557333344,-0.198225,-0.175969,0.50419,2.80419,0.132539,-1.54984,0.00848680825999995,0.02662739245666665,0.043090084749999424,-0.8015840633333364,-0.09981429516666658,-0.06161385573333433
4.5,-0.18992268340666674,-0.14880661254333333,0.5470331597499994,1.989079969999997,0.035447171500000076,-1.6115847204000011,-0.198493,-0.175415,0.504299,2.80559,0.133458,-1.55249,0.008570316593333266,0.02660838745666666,0.04273415974999939,-0.816510030000003,-0.09801082849999992,-0.05909472040000119
4.516666666666667,-0.19011381674000008,-0.14826630921,0.5468203014166662,1.9760693033333303,0.03798490483333341,-1.6118406937333345,-0.198717,-0.174968,0.504567,2.80657,0.133592,-1.5543,0.008603183259999925,0.02670169079000001,0.04225330141666617,-0.8305006966666695,-0.09560709516666657,-0.05754069373333448
4.533333333333333,-0.19030763840666676,-0.14772783754333332,0.5466485464166662,1.9635051366666636,0.04035390483333341,-1.6122005187333346,-0.198884,-0.174628,0.50497,2.80661,0.133859,-1.55586,0.008576361593333248,0.026900162456666682,0.04167854641666613,-0.8431048633333365,-0.0935050951666666,-0.056340518733334566
4.55,-0.1904998817400001,-0.14720084754333332,0.5465207929166661,1.951323769999997,0.042579888166666746,-1.612613677066668,-0.198986,-0.174438,0.505445,2.80577,0.134421,-1.55669,0.008486118259999897,0.02723715245666669,0.041075792916666076,-0.8544462300000029,-0.09184111183333327,-0.05592367706666801
4.566666666666666,-0.19068968340666675,-0.14668813254333332,0.5464313140833328,1.9395409866666637,0.04466082150000008,-1.6130613687333346,-0.199075,-0.174297,0.505857,2.80528,0.13485,-1.55726,0.008385316593333247,0.027608867456666686,0.040574314083332785,-0.8657390133333365,-0.09018917849999991,-0.05580136873333452
4.583333333333333,-0.1908795717400001,-0.14618942587666667,0.5463748627499995,1.9281624866666638,0.04663892150000008,-1.6135535937333345,-0.199204,-0.174156,0.506211,2.805,0.13585,-1.55801,0.008324428259999905,0.027966574123333338,0.0401638627499995,-0.8768375133333364,-0.08921107849999992,-0.05554359373333462
4.6,-0.19107157507333342,-0.14569957921,0.5463485572499994,1.9171797033333304,0.04854252150000008,-1.6141401904000012,-0.199367,-0.173938,0.506542,2.80471,0.137226,-1.55961,0.008295424926666572,0.028238420789999996,0.039806557249999375,-0.8875302966666696,-0.08868347849999991,-0.05453019040000129
4.616666666666666,-0.1912685567400001,-0.14521661254333335,0.5463478365216661,1.9066281366666638,0.05034312150000008,-1.6148160504000013,-0.199579,-0.173691,0.50682,2.80512,0.138085,-1.56119,0.008310443259999911,0.028474387456666667,0.03952783652166603,-0.8984918633333363,-0.08774187849999993,-0.053626050400001235
4.633333333333333,-0.19147019007333343,-0.14473527087666668,0.5463732505216661,1.896517419999997,0.052013904833333416,-1.6155810704000013,-0.19979,-0.17336,0.507126,2.80583,0.138438,-1.56283,0.00831980992666656,0.028624729123333303,0.03924725052166611,-0.9093125800000028,-0.08642409516666659,-0.052751070400001376
4.65,-0.19167768007333344,-0.1442520208766667,0.5464210888549994,1.8868782866666636,0.05352941316666675,-1.6164487987333347,-0.200025,-0.172971,0.507392,2.80721,0.138288,-1.56475,0.008347319926666569,0.02871897912333332,0.03902908885499945,-0.9203317133333364,-0.08475858683333325,-0.051698798733334606
4.666666666666667,-0.19189204340666677,-0.14376865754333337,0.5464899365216661,1.8777036033333303,0.05486611316666675,-1.6174094054000014,-0.200281,-0.172607,0.507652,2.80867,0.13765,-1.5666,0.008388956593333219,0.028838342456666638,0.03883793652166612,-0.9309663966666699,-0.08278388683333324,-0.05080940540000145
4.683333333333334,-0.19211335507333344,-0.1432876008766667,0.5465802258549994,1.8689503366666635,0.05607848816666675,-1.6184559704000014,-0.200544,-0.172278,0.507935,2.80964,0.137754,-1.5684,0.008430644926666564,0.028990399123333288,0.03864522585499941,-0.9406896633333364,-0.08167551183333324,-0.050055970400001426
4.7,-0.19234051507333344,-0.14280661921000004,0.5466868488549994,1.8606368533333302,0.05715252983333342,-1.6195919287333347,-0.200795,-0.171912,0.508152,2.81108,0.137538,-1.57033,0.008454484926666561,0.02910538078999997,0.03853484885499936,-0.9504431466666698,-0.08038547016666658,-0.04926192873333468
4.716666666666667,-0.1925730017400001,-0.1423210558766667,0.5468061590216661,1.8527745199999968,0.05805963150000008,-1.620857512066668,-0.201044,-0.171469,0.508325,2.8129,0.136761,-1.57297,0.00847099825999989,0.029147944123333297,0.038481159021666045,-0.9601254800000032,-0.07870136849999991,-0.04788751206666797
4.733333333333333,-0.19281038174000012,-0.14183233921000005,0.5469388201883327,1.8453104199999968,0.05887734316666675,-1.6222779254000013,-0.20129,-0.171043,0.50852,2.81408,0.137098,-1.5761,0.008479618259999877,0.029210660789999954,0.03841882018833276,-0.9687695800000033,-0.07822065683333325,-0.04617792540000121
4.75,-0.19305433340666678,-0.14134408754333339,0.5470783186883327,1.8382515866666636,0.05964153816666675,-1.6238225470666678,-0.201567,-0.17067,0.508622,2.81555,0.137932,-1.57886,0.008512666593333218,0.029325912456666603,0.03845631868833266,-0.9772984133333364,-0.07829046183333324,-0.04496254706666791
4.766666666666667,-0.1933105934066668,-0.1408582525433334,0.5472120668549993,1.8316747366666635,0.06032729983333342,-1.6254656620666679,-0.201942,-0.170327,0.508531,2.81844,0.138313,-1.58129,0.008631406593333224,0.02946874745666661,0.03868106685499939,-0.9867652633333364,-0.07798570016666657,-0.04417566206666779
4.783333333333333,-0.19358193007333346,-0.1403790075433334,0.547334574521666,1.8256016699999968,0.06091617483333342,-1.627163462066668,-0.202371,-0.170048,0.508352,2.82192,0.13833,-1.58311,0.008789069926666532,0.0296689924566666,0.03898257452166598,-0.9963183300000031,-0.07741382516666659,-0.04405346206666794
4.8,-0.19386526007333346,-0.13990769087666674,0.5474512423549993,1.819915319999997,0.06154632316666675,-1.6289585287333346,-0.202761,-0.169793,0.508256,2.8238,0.140472,-1.58566,0.008895739926666535,0.02988530912333326,0.03919524235499927,-1.003884680000003,-0.07892567683333326,-0.04329852873333451
4.816666666666666,-0.1941570184066668,-0.1394428875433334,0.547565159021666,1.814544519999997,0.062267664833333417,-1.6308828287333346,-0.203103,-0.169517,0.508208,2.82474,0.143414,-1.58879,0.008945981593333208,0.030074112456666607,0.03935715902166603,-1.0101954800000028,-0.0811463351666666,-0.04209282873333464
4.833333333333333,-0.1944556684066668,-0.13898664921000006,0.547669621521666,1.8095674866666636,0.06296854316666675,-1.6328894620666679,-0.203428,-0.169276,0.508055,2.82708,0.144609,-1.59128,0.008972331593333188,0.030289350789999947,0.03961462152166595,-1.0175125133333365,-0.08164045683333324,-0.041609462066667824
4.85,-0.19475881674000015,-0.13854509921000005,0.5477616136883326,1.805023619999997,0.06362577983333342,-1.6349237120666678,-0.203721,-0.169137,0.50785,2.83026,0.145402,-1.59296,0.008962183259999867,0.03059190078999996,0.039911613688332626,-1.025236380000003,-0.08177622016666658,-0.041963712066667824
4.866666666666666,-0.19506512840666682,-0.13812019921000004,0.5478380333549994,1.800938919999997,0.0642686765000001,-1.636955545400001,-0.203997,-0.169035,0.507591,2.83409,0.146616,-1.59419,0.008931871593333196,0.030914800789999947,0.04024703335499935,-1.0331510800000032,-0.0823473234999999,-0.042765545400001104
4.883333333333333,-0.1953753850733335,-0.13770995421000004,0.5478917371883327,1.797381469999997,0.06482919150000009,-1.6389540120666677,-0.20429,-0.16891,0.50721,2.83927,0.146715,-1.59495,0.008914614926666509,0.031200045789999964,0.04068173718833268,-1.041888530000003,-0.08188580849999992,-0.0440040120666676
4.9,-0.1956918200733335,-0.1373096908766667,0.5479175475216661,1.7943570033333305,0.0653245165000001,-1.6409395620666676,-0.204622,-0.168718,0.506736,2.84485,0.147018,-1.59604,0.008930179926666504,0.03140830912333331,0.04118154752166614,-1.0504929966666696,-0.08169348349999991,-0.044899562066667675
4.916666666666667,-0.1960198650733335,-0.13691830254333337,0.547910576121666,1.7918590699999972,0.0658011765000001,-1.6429329787333342,-0.205047,-0.168513,0.506167,2.85064,0.148005,-1.59746,0.009027134926666514,0.031594697456666626,0.041743576121666015,-1.0587809300000026,-0.0822038234999999,-0.04547297873333411
4.933333333333334,-0.19636278674000016,-0.13653416254333336,0.5478707627883327,1.7898828699999971,0.0662314165000001,-1.6449643620666676,-0.205534,-0.168287,0.505579,2.85668,0.148518,-1.59939,0.009171213259999839,0.03175283745666663,0.04229176278833269,-1.0667971300000028,-0.08228658349999991,-0.04557436206666754
4.95,-0.19671697340666683,-0.13616274587666669,0.547805584121666,1.7883705666666638,0.0666183115000001,-1.6469922620666677,-0.205974,-0.168151,0.505092,2.8621,0.149032,-1.60069,0.009257026593333162,0.03198825412333331,0.04271358412166604,-1.073729433333336,-0.0824136884999999,-0.046302262066667765
4.966666666666667,-0.19707716674000017,-0.13580830421,0.547724860621666,1.7872375683333306,0.06697951816666677,-1.648990145400001,-0.206338,-0.168089,0.504747,2.86647,0.149782,-1.60159,0.009260833259999823,0.03228069578999998,0.042977860621666086,-1.0792324316666695,-0.08280248183333323,-0.04740014540000104
4.983333333333333,-0.19743983340666685,-0.13547616254333333,0.5476343849549994,1.7864143083333306,0.06732148983333343,-1.650916645400001,-0.206653,-0.168123,0.504485,2.86996,0.1506,-1.60182,0.009213166593333155,0.03264683745666666,0.043149384954999426,-1.0835456916666693,-0.08327851016666658,-0.04909664540000103
