x,y,z,rx,ry,rz
-0.32518578,-0.4628334,0.5385803,2.892574323177374,-0.4965080189747448,-1.741302943561528
-0.3252804181403534,-0.46402793766360856,0.5379111036510955,2.9009640131697214,-0.47307845007647564,-1.7432113279418733
-0.3252812550728322,-0.46491463646486564,0.5374850572771689,2.9110827361631233,-0.4597839610864444,-1.7465023868868101
-0.3254649685100456,-0.46548641847784566,0.536367968039334,2.927809694141684,-0.46543333124092595,-1.7486642875083305
-0.325708206248076,-0.46557618954011226,0.5342720478971681,2.951351205656482,-0.481287138910407,-1.7565523358362147
-0.3259889742728555,-0.46527317265173346,0.5314487214797892,2.978787939669854,-0.49481433216199666,-1.769632404443588
-0.32628389982412015,-0.46493624362836683,0.5287363779260699,3.0035449924646884,-0.5016026066134607,-1.7809928464060285
-0.3265937037520878,-0.46514246896763645,0.5270327987228686,3.0195082806625484,-0.5020357465747168,-1.784733035228584
-0.3267937878952946,-0.46624258478226543,0.5267099577466907,3.0233151590831153,-0.49594967637642656,-1.7778050717772447
-0.3267196062357015,-0.4679587347339458,0.5274929709554721,3.01613716872167,-0.48102060760262394,-1.7630418506660108
-0.32631541916202084,-0.47005093564683936,0.5290350881162694,2.9995437396417612,-0.4555990586609746,-1.743074687925447
-0.32558768265827726,-0.47260714943856036,0.5308526535990605,2.9769440213460827,-0.4184863252630728,-1.7187224164798462
-0.324629129945802,-0.4756532339299242,0.532537009591676,2.9504145044170937,-0.3649435616648098,-1.6930844517131662
-0.32350999777866735,-0.47925882109471896,0.5340050195662488,2.9214392263407714,-0.2962592326227883,-1.6686485973129177
-0.3222449137133889,-0.48353310472764605,0.5353859599526597,2.892355947005086,-0.2212054850303684,-1.6438250917081825
-0.32077403686613776,-0.48842972753558384,0.5368724391790932,2.864160974681563,-0.1465097498745712,-1.6166864378345283
-0.3191718265898294,-0.49370115081990185,0.5380560910184816,2.8404311142553387,-0.07143909613328879,-1.5876799788942002
-0.3174512498904056,-0.49876059852014265,0.5387455198746606,2.8206971827580603,0.005410748865144041,-1.5608312861981746
-0.3158873892454922,-0.5030180585820008,0.5388461635785825,2.805604902269483,0.0769919940687397,-1.5395232182603968
-0.3147445127750001,-0.5058517456562777,0.5386818921694553,2.7979982210422283,0.13000731870097504,-1.5278492369643988
-0.3140165940674889,-0.5074597202898019,0.538721580486526,2.796888591826977,0.15906576322114904,-1.5230532415809288
-0.31369724896069107,-0.5084349716044679,0.5389205737421794,2.8007983176676063,0.17024578739739055,-1.519860562276264
-0.31361186022722465,-0.5091106255398692,0.5391535922287669,2.805958129983135,0.17739292312124777,-1.5175056069262092
-0.3135830046343078,-0.5097372994041388,0.5391355856456909,2.8111166520035145,0.19097296375399841,-1.515826752000999
-0.3134617233993548,-0.5106445960358414,0.5387657442591686,2.8159993533702528,0.21382973254208915,-1.5127204795180476
-0.31318566553006416,-0.511203429248934,0.538371908295335,2.821730357824392,0.23389953728102095,-1.5132222992568227
-0.31275435210876623,-0.5109232103328558,0.5381574594368422,2.8300162156780932,0.24080441058707827,-1.5207512375505758
-0.3121691315770593,-0.5099278832337573,0.5381335042878508,2.841724840188763,0.23138184203810125,-1.532994227917938
-0.31146922935650645,-0.5086652386643897,0.5382107138639477,2.856294271370606,0.2109644823481716,-1.544929027884914
-0.3107018344518924,-0.5075716158239245,0.5384211788837776,2.8708344846088725,0.1884463284727583,-1.5528874691030154
-0.3098456961767072,-0.50695666489175,0.5388096138073933,2.882734873976353,0.17349018843974645,-1.5561890602700241
-0.3088712388489863,-0.5070969970320496,0.5391743834377662,2.8921774884497213,0.17191671331106337,-1.5543558416516594
-0.30776142199603257,-0.5079970741227103,0.5393657688570805,2.9006459035592136,0.18383829939390461,-1.5491224973808335
-0.30661858409782294,-0.5090897959839162,0.5393934097145712,2.910526603604289,0.1999682800885822,-1.5455584873819095
-0.30557492809270165,-0.5098163262733032,0.5394255511445335,2.923043278028524,0.20992771891399759,-1.547310757465113
-0.3046844111205243,-0.5100327365665968,0.5398466505047359,2.936130221877577,0.2110653410451182,-1.5542104990695074
-0.3039180386252972,-0.5097788919680081,0.5410613555594151,2.945705572305686,0.20880796926716066,-1.564572398307639
-0.3032412458571722,-0.5092272505275101,0.5432365150753818,2.949080626915508,0.20808382093504368,-1.5772905358905003
-0.3026532137446387,-0.5086555822275831,0.5462344793558382,2.9464830550006007,0.2115054789163252,-1.5910517232231385
-0.30220542163302516,-0.5083428878324163,0.5497324104065091,2.940608058603238,0.2186890730622032,-1.6040692185837142
-0.30194218899311986,-0.508249966432488,0.5534036813439979,2.935162387455713,0.22548306463040593,-1.6154387448570877
-0.30187145962082845,-0.5083018754619198,0.5571403039338255,2.931354570450589,0.23096819008585845,-1.624527830010573
-0.30197911642923014,-0.5083783515175065,0.5609674689951126,2.928628425316594,0.23596977426837462,-1.6319680459972514
-0.3022281188838071,-0.5083695438795133,0.564924277715313,2.9265076758718505,0.24087117859512516,-1.6384101345930564
-0.3026049559476278,-0.5082662528647265,0.5690179807014404,2.9250464161385703,0.24467840989099318,-1.6434439577580868
-0.3031146489453759,-0.5079678911012699,0.573235929405781,2.924331010860835,0.24632696658085498,-1.64802597064669
-0.30377981065892073,-0.5073177950870812,0.5775344638090504,2.924814947153252,0.24474595449553374,-1.6532414513964542
-0.3045997201817608,-0.5061419730334199,0.5818554519739203,2.9269680911473834,0.23958077826458873,-1.6601687528120674
-0.3055738867061975,-0.5043817866254575,0.5861985696468566,2.9308360376411704,0.2295482017658733,-1.6692946058159939
-0.3066358216511485,-0.5019202035814808,0.5905639143068554,2.9361246292348966,0.215285007878593,-1.681346964830607
-0.30776701861795164,-0.49887589527283493,0.5949110191311913,2.942514470670798,0.198147990741977,-1.6953365684719484
-0.30892777541442057,-0.4953238007236541,0.5991712919945728,2.950153725767642,0.17949621862214069,-1.7103472341194554
-0.31013583602200673,-0.49140604840309604,0.603264398710214,2.9597197900151966,0.15806741915242406,-1.7250082038447054
-0.31142112036641484,-0.48728521538755276,0.6071474373541489,2.9717176420336706,0.1313266321755532,-1.7383342837506015
-0.31275409849009217,-0.48289832442792696,0.6108059837255454,2.9858866653544394,0.10074595745172227,-1.7507286927569747
-0.3141384595705051,-0.478284364903942,0.6141384683933409,3.0026453638245023,0.0672689602264791,-1.7622847203550345
-0.31556037429886047,-0.47353532662740033,0.6170119388837837,3.022984034887155,0.030421894883265917,-1.7727424915310608
-0.31691673092377637,-0.46861172032251464,0.6192446817120587,3.0479322627233207,-0.008777024647837658,-1.7823204485994555
-0.3182030628364915,-0.46346321848557226,0.620971317277948,2.1505726042736244,-0.049178609959575334,-1.7914341091282924
-0.3193191881268375,-0.4581026034234,0.6221565079885752,1.3432755811175747,-0.09081216141538936,-1.800179342347995
-0.32026648677926967,-0.4526762846531534,0.6228345821087942,0.6169609468387607,-0.1327284037428137,-1.8079378971990554
-0.3209554868148827,-0.4471442235881523,0.6229290377360285,-0.03558192899367779,-0.17350510258163684,-1.8154025483328935
-0.3213465542808007,-0.44141050495341877,0.6225581765368631,-0.6218384042741658,-0.21177681898040543,-1.8228711406566367
-0.3215530444429516,-0.43562121434537093,0.6219538448012254,-1.1497470816398958,-0.24619880276334477,-1.829125090254333
-0.32162172681973666,-0.4299738340386788,0.6211299804854326,-1.6238021343192364,-0.2783740536420796,-1.8338943896328193
-0.32140450351157757,-0.4244627635212631,0.6198785568437876,-2.0455658764415645,-0.31070264864828345,-1.8383724912932757
-0.3208460752734878,-0.41896397927132734,0.6182151567012244,-2.4187676823610755,-0.34334679034035165,-1.8430937625998185
-0.3200874600778185,-0.41334536334548244,0.6162976650143867,-2.7491325408122984,-0.3740171605392186,-1.8481167238153389
-0.3192103366939824,-0.40758239449748485,0.6141625115380036,-3.041305857787943,-0.40023217495667707,-1.8533212132568324
-0.3183068961469712,-0.40174487734351166,0.6118839857848076,-3.2992716850943653,-0.42251492281599273,-1.8586833392361959
-0.3173424175922601,-0.3958612560518568,0.6094412979514663,-3.5252844402921375,-0.4420994810345019,-1.8646240800779574
-0.3161751302051707,-0.3898741031802284,0.6068488502934536,-3.7219143151325866,-0.4583728090373972,-1.8703046154358742
-0.3148854409116454,-0.3838579135312152,0.6042689423544167,-3.892731120666232,-0.47127587376540736,-1.8737676820989648
-0.3136101845803483,-0.3779389342927464,0.6018061574116599,-4.040137273003812,-0.4815891206579216,-1.8749555612678346
-0.3122633049613464,-0.3720258107641211,0.5993130974046287,-4.163965184059582,-0.4902892387023152,-1.876216760980938
-0.31070557393237586,-0.36592720378158006,0.5966411346827157,-4.264750959874743,-0.4971322475469136,-1.8790473501871843
-0.30905796141126274,-0.35970936453249774,0.59385299583469,-4.344874300245581,-0.5026446376153251,-1.8829121626267369
-0.3074601068163185,-0.35354142077908063,0.5910017973394058,-4.406939192564699,-0.5056837251254955,-1.8865296531281082
-0.30583102532013995,-0.34738736490821676,0.5880023632038607,-4.4520152093298595,-0.5049921667480567,-1.890427109930017
-0.30397576950523053,-0.34114106457329024,0.584844207172191,-4.481321036060016,-0.5004616097271241,-1.8943575860269002
-0.30197474650769157,-0.33491238953780694,0.5817110873783832,-4.496668211292229,-0.49465783759081783,-1.8974335728122835
-0.29986074563862675,-0.3287859288918762,0.5786226087413947,-4.498807930263183,-0.48859068091248575,-1.8997368358581728
-0.2976712098969451,-0.3228414360055787,0.5755364697940051,-4.488096880274122,-0.4826816996788174,-1.90190547527095
-0.2954083318582377,-0.31705799229963716,0.5724359230374577,-4.4658067092169755,-0.47565492583429836,-1.9038342580388705
-0.2929827663063031,-0.3112902887866547,0.569317274788373,-4.433911089359173,-0.4656159636700724,-1.904737394292843
-0.29049093056720254,-0.30556075948846273,0.5663437320638997,-4.394529905347455,-0.45375189157161133,-1.9042414208154752
-0.28802765039908856,-0.2999199394571953,0.563649982483349,-4.348476345319621,-0.44235107077733016,-1.9034483884095812
-0.28556080655602234,-0.2944257827021162,0.5612256486969243,-4.295739875295721,-0.4319332884017196,-1.9029546313444798
-0.2831217358538084,-0.28919398011259834,0.5590242119851514,-4.237245023074937,-0.4222020191472208,-1.9014658898305647
-0.2807162632416721,-0.2842425254718285,0.5569378477252468,-4.174253390005789,-0.4117580355384839,-1.8976719579221504
-0.2782374010178765,-0.27930206083401754,0.5548705707216015,-4.107530595724636,-0.39953945014287845,-1.8927976516588922
-0.27571745712338525,-0.2742754463318493,0.5529336124156117,-4.0383065902626,-0.3860995646456051,-1.8872009180113205
-0.27330381994612624,-0.2692950445572367,0.551255909455567,-3.966669873657907,-0.3735931116511571,-1.8815473813087906
-0.2710299605861001,-0.2645448650870084,0.5498103034986644,-3.8925127905541226,-0.3629305907612378,-1.8763198720004906
-0.26881977156274417,-0.2600988999837847,0.5484596268674263,-3.81672647148354,-0.35208910266826376,-1.870100226803187
-0.2664980522688464,-0.2558312062480857,0.5470905598179199,-3.740126285383552,-0.3391663473346752,-1.8618863045560459
-0.26410654202911776,-0.2517471245115902,0.5457530535077796,-3.6632748316762083,-0.325349478494968,-1.8514331361878225
-0.2617447474733987,-0.24783262173360798,0.5445400351069369,-3.5865246481432207,-0.311864575125346,-1.8399122964515775
-0.25941085999569957,-0.24407110994738315,0.5435093971202565,-3.5107351842197043,-0.2983196533261911,-1.827636470685679
-0.2569934724568174,-0.24048940986535147,0.5426237464932429,-3.4364406214024417,-0.2837068741585828,-1.8136875947157138
-0.2545544818943501,-0.2371989003261994,0.5418680562384744,-3.363737647567117,-0.26916819211232756,-1.7977919469861074
-0.2522085770365165,-0.23420567089703778,0.5412738806395687,-3.292997193472507,-0.255554320406859,-1.7803936180973015
-0.249994705620898,-0.23140820128709674,0.5408471883146102,-3.225261954251185,-0.2414756090364366,-1.7614837175836466
-0.24776256173524702,-0.22859761620214428,0.5404392469916278,-3.160478885406065,-0.22464795420757158,-1.7418476835699934
-0.24556398611926694,-0.2258006452924087,0.540049630497178,-3.098037197525673,-0.20752264632815506,-1.7226907689824953
-0.2434496380841344,-0.22301638529941648,0.5397031057231008,-3.03787341360653,-0.19125207904058478,-1.7042200343703855
-0.24150666099645388,-0.2203059540307252,0.5394240802909354,-2.979903632476556,-0.1771092009112558,-1.6867219196739067
-0.23975878041990267,-0.21765753619615072,0.5391711320962351,-2.924125414887506,-0.16431506054740208,-1.6706938338016823
-0.23806459128023744,-0.21504808839886763,0.5388231381118231,-2.8702149789750773,-0.15124524285542584,-1.6556562776880006
-0.23631455261677228,-0.21248857885774952,0.538443075989043,-2.818133102529833,-0.13948341053677424,-1.6415951362425072
-0.23446655866065705,-0.20996403922390228,0.5381656422042492,-2.7687780632009162,-0.12901499948309367,-1.6281903467462346
-0.23244831455326503,-0.20736021766886753,0.5380338823351791,-2.7231042413973534,-0.11888872636532306,-1.6158989114797127
-0.23036567221338916,-0.20483874789254128,0.5381459409540645,-2.682124433306401,-0.11033137992350554,-1.6036693428142135
-0.22828842528882543,-0.20248069934320984,0.5384501348010019,-2.645886723661313,-0.10278005951529359,-1.5911773966879457
-0.22631642004354796,-0.20033580826444353,0.5389949951679418,-2.6145937010274136,-0.09583936323473777,-1.5786113844911582
-0.22441288365887122,-0.1983755744636658,0.5396824349429723,-2.5872026823434093,-0.08964121280550288,-1.5668110983982542
-0.22244079817926532,-0.19649215448705246,0.5403074723989815,-2.562631560895525,-0.08458282947509156,-1.5561919430592357
-0.2203616250269286,-0.19462555484936817,0.5408103659187442,-2.541068744339376,-0.08115830655012936,-1.5466443087141888
-0.21834338081019816,-0.1929175581780805,0.5413049911665135,-2.523911332368776,-0.07814300887000805,-1.5367419138587157
-0.21642708458084778,-0.19138554576244238,0.5416789259525282,-2.5107222666901357,-0.07340355747718266,-1.5264141769412527
-0.21451250692601032,-0.19000498754030276,0.541706667091357,-2.4990843756527727,-0.06796878738168058,-1.5166386557178972
-0.2124982235328676,-0.1887213698703331,0.5414005475883589,-2.4879653197266807,-0.06408066318794914,-1.5077778259561267
-0.21037813530561858,-0.18762960311379898,0.5410677898952679,-2.4786320356275806,-0.06254107179357596,-1.4990815989243118
-0.20819757513545872,-0.18680143508284727,0.540689346677451,-2.4711421447991584,-0.06305227142748066,-1.4900099510175595
-0.2060675673397562,-0.18628093401448595,0.5402580922752886,-2.465777224448141,-0.06447789053990938,-1.4800588431412374
-0.20407211034746095,-0.1859314683290556,0.5397831650809497,-2.461766863994529,-0.06856612746329759,-1.4712699270688414
-0.20215967055151796,-0.18558236649309678,0.5391889361770156,-2.458392208467354,-0.07570270132026867,-1.4651824336103074
-0.20026403643023022,-0.18529851304573647,0.538484693913711,-2.456675804846158,-0.08355547300323216,-1.4600049004293159
-0.19838373634695305,-0.18525169912619532,0.5377487033644782,-2.4580220439977842,-0.08921084441263374,-1.4534818373336889
-0.19662562853249685,-0.185269616240293,0.5370260642670601,-2.461131803748092,-0.09640144391216315,-1.4486199167049651
-0.1950247990796281,-0.18508662308850898,0.5361957217187108,-2.46356222454222,-0.10979736579310606,-1.4492011716701276
-0.19360544988371586,-0.184692310958928,0.5351378955518402,-2.4654058555055602,-0.12563545418646152,-1.454305260232653
-0.1923735919447153,-0.18429640689586055,0.5339578654475436,-2.4695246454054995,-0.13800748177876887,-1.4595464951971708
-0.19130382300572152,-0.18403185948028697,0.532714014416057,-2.475736416859907,-0.14737295930535083,-1.4644198856357047
-0.19039258417359498,-0.1837538366015221,0.5315013647115133,-2.482017826879399,-0.16003017482038212,-1.4721982269140972
-0.1896264026529191,-0.1834455764188736,0.530236217209591,-2.487635620578198,-0.17614573860112123,-1.4827396155100894
-0.18899024627535677,-0.18326329141024733,0.5288427903961398,-2.4942750007365984,-0.19090517529569312,-1.492809829252635
-0.188500916561623,-0.18326235874824018,0.5274212162606629,-2.502765262338168,-0.20323265597282952,-1.5016292593060558
-0.1881606273110678,-0.18331960322639537,0.5260996406956855,-2.5126241607764794,-0.21539173694744226,-1.5111925573265907
-0.1879287462724501,-0.183494296170344,0.5249164864967559,-2.5243026974365583,-0.2269815775495231,-1.5204993221532495
-0.18776480849656182,-0.18387383427550202,0.5238439826146059,-2.538603621654877,-0.2366171076950991,-1.5277401012895033
-0.18767958494690215,-0.18433272273836943,0.5228748955896311,-2.5551247238109034,-0.2452119796051457,-1.5341265472375645
-0.18768537654888784,-0.18473255445853404,0.5219914407896121,-2.5721147162760594,-0.25479254813807733,-1.5418298971059605
-0.18779881523602704,-0.18515679273327734,0.5212068578090497,-2.5901586122104376,-0.2630567792251354,-1.5493838333797494
-0.18803660239123524,-0.18567546080972616,0.5205954654056183,-2.6101852202805462,-0.2697899402638461,-1.555829823396149
-0.1883483314371332,-0.18618540283661983,0.5201532363279494,-2.63155661927284,-0.2769181222497749,-1.562655308837087
-0.18868167318038892,-0.18666920664591036,0.5198847653236752,-2.6542110311852403,-0.28384895802518934,-1.5695803307258727
-0.18900646375033794,-0.18717601625065164,0.5197139686094396,-2.677492330934075,-0.29016941539115026,-1.5759364468996675
-0.18936694446514213,-0.18766912006127212,0.5195861953190533,-2.700423934724298,-0.2966685932217177,-1.5824156503850269
-0.18978925709106612,-0.18815678308095862,0.5195309986111349,-2.7235165085672475,-0.30241896913922256,-1.5886537308915225
-0.1902724294924799,-0.18860018347667704,0.5195418603284655,-2.7469849637377592,-0.30747662146418114,-1.5947764936074864
-0.19079292470490544,-0.1889742809252684,0.5195564480634125,-2.7701070792949345,-0.31229906647102273,-1.6011466497128841
-0.1913481574802467,-0.18936466314314962,0.5196062181080386,-2.7929757864087073,-0.3162443989526332,-1.6068269283662056
-0.19191961652497208,-0.18976926982702313,0.5197137921418292,-2.815434016456263,-0.32055389278879143,-1.6119238495059307
-0.19246240150471847,-0.19010092809549312,0.5198531131429881,-2.837315261368466,-0.32483388397984125,-1.6171571107109461
-0.19296354143261613,-0.19037843497667303,0.5200423049013254,-2.859653219022092,-0.32707159923784823,-1.6218196087280765
-0.19341583309552476,-0.1906643955834922,0.5203493900300373,-2.882676600580493,-0.3287601744432222,-1.6257057493780196
-0.1938321371704249,-0.19095585032134424,0.5207582146490561,-2.9059416904596787,-0.33027660812495047,-1.6290337200567788
-0.19425315312502486,-0.19129230753398285,0.5211937725719105,-2.92881831220162,-0.3312710961254908,-1.6315845665730404
-0.1946826036699328,-0.1916741482638786,0.5216069156707054,-2.9509903559856046,-0.33156444781424205,-1.6334661576924518
-0.19509658795803178,-0.19207567099117054,0.5220140072145184,-2.9728517396550096,-0.33150408913936763,-1.6346610747170967
-0.19548162884979195,-0.19246227988359116,0.5224561075310595,-2.994876302534674,-0.3307038159327618,-1.6353900831172232
-0.19586893959567211,-0.1928178176728307,0.5229656149566088,-3.0170486656537077,-0.32890401169683575,-1.6359499268584454
-0.19626344773492901,-0.1931629337310273,0.5235919628783455,-3.039498208532888,-0.32675983807017556,-1.6359516985158071
-0.19664343340773516,-0.19346022786884814,0.5243255153461872,-3.0623919607364107,-0.3241327487474129,-1.635417593310074
-0.1969996824238495,-0.19365806777300362,0.5250379885973668,-2.3160407342055853,-0.32108539534204816,-1.6351971981828728
-0.19733530787609083,-0.19381033720712493,0.5257355596908287,-1.6183712313635403,-0.31719787666636373,-1.6349151456330826
-0.19764952198136168,-0.19395018242194095,0.5264180612028807,-0.9673854579580066,-0.3135067095314906,-1.6343072574495023
-0.19794522536893228,-0.19407897775708324,0.5270635964622934,-0.36101264539568384,-0.3097228843431849,-1.6334999563581734
-0.19822923679130214,-0.19419722644685122,0.5276913118099393,0.20187423607670252,-0.30576685724309804,-1.6323158046997661
-0.19849238115464723,-0.1942770731767322,0.5283653777023648,0.7221724501630788,-0.3015788808898191,-1.6308615592049567
-0.1987254265689079,-0.19428593839627076,0.5290827681116698,1.2017189731671798,-0.2974310369399499,-1.6295854962354763
-0.19892039386472765,-0.1942979349455206,0.5298304832231062,1.642201206588246,-0.29333914411635925,-1.627715481173849
-0.1990611572238845,-0.194260402053409,0.5305281180064442,2.0457028638409187,-0.2893037690814534,-1.625923028940493
-0.199165104395807,-0.1941827144559889,0.5311890170083134,2.4135559357801744,-0.28463634661403286,-1.6243041810152377
-0.19924432570290973,-0.1940312586839384,0.5318174657752909,2.747389491515085,-0.2796462455893508,-1.6232112330753128
-0.19934120723640178,-0.19390202446637253,0.5323979922141077,3.048921015561787,-0.27433348222261084,-1.6217642212358636
-0.1994314943623926,-0.19373166173375764,0.5328988104791607,3.3199962021007248,-0.26949982219060636,-1.620567039400133
-0.19948004815439224,-0.19357198248138272,0.533369652002176,3.5611003650652187,-0.2636862182845247,-1.618737800270829
-0.19950306971234658,-0.19342531177943123,0.5337836303500935,3.7740001435278603,-0.25751330443795134,-1.6167599229355585
-0.1995250312453276,-0.19335803815333144,0.5341179414133872,3.960967965576686,-0.2511091309090944,-1.6146104729499013
-0.19954177169307552,-0.19331904781134351,0.5343495764317941,4.123990287049747,-0.24478284695342867,-1.6126271713709717
-0.1995629411003059,-0.19327930373665056,0.5344686235845888,4.264281680230689,-0.23807119956006323,-1.610499753600996
-0.19962417991957745,-0.19320801351281874,0.5344534420759832,4.383152398431378,-0.23083628380934298,-1.6086253118315015
-0.19973462834778216,-0.19319867586942197,0.5343497277790918,4.481624443798062,-0.22279734361129272,-1.6065003801407616
-0.1998370769646093,-0.19322212008043316,0.5341357797714551,4.561650647511358,-0.2148733424319804,-1.6044670022764607
-0.1999062922965164,-0.19321491827208065,0.533862001288455,4.624197704248132,-0.20741339338969028,-1.6024287586999586
-0.19997303290567764,-0.19315711869162996,0.533566347088044,4.670106844341555,-0.200060161396537,-1.6005430118843635
-0.20003621834054813,-0.19314820660068485,0.533299850444288,4.700361710034157,-0.19316312576904596,-1.5981708718357357
-0.20007639823996043,-0.19314072723044243,0.5330847136791461,4.715587106124778,-0.18647222560362445,-1.5957842322209859
-0.20011234522251986,-0.19307130436554856,0.5328743764593239,4.717121793482348,-0.1793005438582729,-1.5940579228526217
-0.2001441580686709,-0.19294808031104327,0.5326589468529167,4.706358365883935,-0.17191469584614574,-1.5924892056519915
-0.2001585618577641,-0.19281172323239396,0.5324524982777129,4.684321557811531,-0.16446525711492999,-1.5907267310505866
-0.20013547849531155,-0.19263462383804075,0.5321985066645681,4.652491605595873,-0.15733870659393334,-1.5890692529866877
-0.2000774201538493,-0.1924726507850219,0.5318959234790047,4.61165245168658,-0.15022758767362332,-1.5870054238807931
-0.20001525354817362,-0.19231169121219896,0.5315161703145423,4.563059187008235,-0.1430321048528489,-1.5850056952349674
-0.20000193685067802,-0.19216278383159777,0.531064015050527,4.507537938595628,-0.13463265513130812,-1.583231555842867
-0.20000511688210587,-0.19192228922875565,0.5305544123440621,4.446150992267557,-0.12616801437267328,-1.5824012866266803
-0.19998989364233247,-0.1916212955770179,0.5300391593340815,4.37954157151449,-0.11799513023843193,-1.5817732985032753
-0.1999478016322508,-0.19126726778274783,0.5295111835325477,4.308808347387745,-0.11086091360222537,-1.5812382962935696
-0.19987931977189213,-0.1909140952884296,0.5290422914803748,4.233759324326332,-0.10308643823416411,-1.580551666876063
-0.19980305347100455,-0.1905488543970255,0.5286041153871066,4.1553364568293,-0.0953919469067192,-1.5801964247471127
-0.19973385661548987,-0.19017752680433236,0.5281396285879755,4.074768593707009,-0.08808998757535717,-1.5801425671948979
-0.19967715045148393,-0.1897984971545988,0.5276694025268269,3.9926721722831835,-0.0811619074828895,-1.5801437890891197
-0.19963613950271158,-0.1894472386107895,0.5272043295488353,3.9098135166162695,-0.07461750815646546,-1.5796747070323622
-0.19960494416054722,-0.18902687940988147,0.5267485861042626,3.8266165106290035,-0.06830290840585518,-1.579673515009386
-0.19958195122162414,-0.18859135013181172,0.5262925976259338,3.7433635904665525,-0.062303465205425276,-1.580145851785724
-0.19951553349573387,-0.1882255463468395,0.5258806349186425,3.659811265816094,-0.056434650922537834,-1.5804780573143065
-0.19937393505305914,-0.1879612177779715,0.5254831626148541,3.5764219538359923,-0.04972969616951377,-1.5803471767054282
-0.19916742590039935,-0.18780458843968334,0.5250341975271818,3.494225090261703,-0.0427104627265356,-1.5794655038404946
-0.1989194240911717,-0.18772953185812688,0.5245107236882004,3.4138405603834223,-0.03588404599593114,-1.5778396837037618
-0.19865285059177518,-0.1877062282853002,0.5239638889959517,3.3352043599591203,-0.0286823210487509,-1.5758214752304502
-0.1983925664135463,-0.18769854232704308,0.5234394154632445,3.2585924845536,-0.021735786823861535,-1.5737860124652907
-0.1981189439558106,-0.18763893494798306,0.5230406635879392,3.183511821250599,-0.014976181870030296,-1.5722219495119376
-0.19786738072367277,-0.18755234475465035,0.5227593913249367,3.1106577112934715,-0.00924669599482044,-1.5710623094034426
-0.1976213276126457,-0.18744434624832723,0.5225205377459862,3.040675492053249,-0.004117181782922541,-1.5702219526684782
-0.197360814514496,-0.18734807524937483,0.5222538968732358,2.9739001343113833,0.00035953332266984005,-1.569285673828648
-0.19710394264622771,-0.1872861666606106,0.5219268683613395,2.910742746785436,0.004424193482007783,-1.5681309654795361
-0.19687117159771134,-0.1872304143675708,0.5215144420486977,2.851460011568049,0.008679748815879948,-1.5670506313012176
-0.19667224121322907,-0.1871255223374636,0.521076473221303,2.7956053307860795,0.01304341361188753,-1.566477034574744
-0.19652005801547198,-0.1869778057813268,0.5206692853207777,2.742933501576781,0.017043925423492735,-1.566327036196402
-0.1963822923155932,-0.18679780616096966,0.5203380334945974,2.6930717003649858,0.020543684325536684,-1.5664205340601474
-0.19623669125996812,-0.18658869105434497,0.5200509462463331,2.6462772245993125,0.024060676400909635,-1.566844408513422
-0.19609505124421703,-0.18640118538986034,0.5197370267208227,2.6033291885469185,0.027142341488225922,-1.5672469692039255
-0.19597121927592143,-0.18622540535830823,0.5193700971759116,2.564304678252127,0.029938843193290366,-1.5678170744521023
-0.1958315249970072,-0.18606720396994905,0.5189913022183092,2.528676821992913,0.032664378423646466,-1.5682461608203497
-0.19568308318483058,-0.1859326037579987,0.5186163886635182,2.4963148764779204,0.03516295809289072,-1.568549256935077
-0.19554587172024543,-0.1858336032381857,0.5182505569146895,2.4671275555165866,0.03796198335991964,-1.568995557879019
-0.19543322388261172,-0.1857504514426273,0.5178931796980227,2.4410373214311254,0.04099571376224731,-1.5694668424401292
-0.1953264342526864,-0.1855802334995296,0.5174795884358119,2.41848921583252,0.04416816240919322,-1.5705847523193086
-0.1952452093124591,-0.1853748610446845,0.5169835698065782,2.4001100017684003,0.04638731317906352,-1.5715674236304493
-0.1951955397601888,-0.18516592464614723,0.5164442765816692,2.3852670813842756,0.04851395466683976,-1.5725926586950862
-0.19515339831556835,-0.18495656018608236,0.515872340946149,2.3737901728402964,0.050436290646724925,-1.573930653620266
-0.19508018038843067,-0.18483473981321183,0.5152642177260289,2.365537239391136,0.05194587702985746,-1.5744781286536085
-0.1949726889752344,-0.18479621723375486,0.5146365883931362,2.359993514006237,0.053076541188001786,-1.573937772116387
-0.19488135225115655,-0.18472681525779963,0.51398249332219,2.357428420051741,0.05412940918022246,-1.573711122238652
-0.19483108138440988,-0.18461574706330017,0.5133430383941622,2.357612382932113,0.05466584121226747,-1.5740105197119352
-0.19479498246264962,-0.18450790826408348,0.5127795811796604,2.359697986403674,0.05517904993265462,-1.5742342523735964
-0.1947512934501691,-0.18445728680059656,0.5122640086876246,2.363876461129166,0.05507620725967089,-1.5740960161852178
-0.19467879221634224,-0.18447810629039552,0.5117717902697748,2.3700457237943127,0.05503375069600667,-1.5735794829714818
-0.1945558735982518,-0.18451903909308937,0.5112940649693639,2.377973546618475,0.05532740794642418,-1.5727818100877016
-0.194440876217743,-0.18454612747842036,0.5108023854305452,2.388090141396228,0.05491101956754485,-1.5720222187432207
-0.19438224897966058,-0.184626235702373,0.5103339890423793,2.3998145844576144,0.0545250465701825,-1.5709837693830457
-0.1943862257421663,-0.18467881734309072,0.5098561239578818,2.413037748877461,0.05437273777648107,-1.57024919555192
-0.19439569687172548,-0.1847390875523884,0.5093510238610202,2.427972373487745,0.0544540888455664,-1.569237701042155
-0.19437119879693673,-0.1848823974925765,0.5088568250357991,2.443934896220171,0.05495446422251579,-1.5671729231104083
-0.1943069282326471,-0.1850593185421929,0.5083830401410396,2.4604543568271895,0.05614911730652915,-1.5648107239055447
-0.19424820279354138,-0.18530228454645575,0.5078942533959971,2.477825232818489,0.057336903310377114,-1.5618750573370095
-0.1941876342520892,-0.18555513272825103,0.5073563914618531,2.495776353754006,0.05995782668801418,-1.558531183370639
-0.19414599603127058,-0.18573705331646495,0.5067581584287212,2.514839457950098,0.06251586983166875,-1.5550918734001165
-0.19413351014092364,-0.1858486944222767,0.5061488426345372,2.534751600734882,0.06434196487015978,-1.551664151270881
-0.1941100026272989,-0.1859399198308637,0.5056352215668851,2.55402480718482,0.06716416685068441,-1.547811349071513
-0.1940634777403846,-0.1859351598369537,0.5051875941044875,2.57274306656165,0.07053607670975882,-1.5444503010991297
-0.19401795703890481,-0.18587479449822608,0.5048316072215464,2.5908717353546433,0.07376210233963464,-1.541342810979228
-0.19398032767644774,-0.1857521262977824,0.5045772882452245,2.607901892012462,0.07822477684570804,-1.5383256457604357
-0.19397231425166364,-0.18546895550867937,0.5043697181037996,2.624094230738913,0.08333171159754826,-1.536188473938744
-0.19396831869863373,-0.18507886473797536,0.5041806884453252,2.639943792228409,0.08816103642788929,-1.5345730281933327
-0.19394105813409762,-0.1847250645343044,0.5040279929600024,2.6553552562158282,0.09295407522034047,-1.5322845942481915
-0.19392675803172765,-0.18433075455051592,0.5038713132757289,2.6707327765806377,0.09716616098212563,-1.5299581015570614
-0.19398613712998058,-0.1837944721917177,0.5036855052715173,2.6861559628597904,0.10073049106229003,-1.5287520837924582
-0.1941436184802078,-0.18310323393846148,0.503513184057071,2.7009554216215146,0.10424795860474446,-1.528834796245837
-0.19441467509705068,-0.1822674499559088,0.5033710345067166,2.7151133002177277,0.1079330329885148,-1.5302066396002532
-0.1947732278955006,-0.18139072435338288,0.5032314308368052,2.729284099345382,0.11131573062690955,-1.5319471674628404
-0.1951728285819226,-0.18053412943449848,0.5031125426802185,2.7433179909931513,0.11449496031969472,-1.533570521118141
-0.19560459952454504,-0.17970169282437495,0.5030421532919077,2.7570856856771915,0.11729033120333981,-1.535423557812909
-0.19604638904456592,-0.1789387754242301,0.5030813167621434,2.769891532705782,0.11996594626967855,-1.5374464496357867
-0.19650161489445206,-0.17821205011725863,0.5031542917532993,2.782266605781088,0.12199121615288787,-1.5395745091540258
-0.19692289198202637,-0.17751198632492937,0.5031935749831492,2.7945370670218805,0.12397455864418215,-1.5417317293548116
-0.19731018411035342,-0.17686445078571633,0.5032275017069068,2.806675686700975,0.12567543220634034,-1.5438762549467437
-0.19763874846152443,-0.1762458638963103,0.50334507464928,2.8180915440542127,0.12723583317181833,-1.5462531646670525
-0.19793701280695788,-0.1757050769914831,0.5035903179689988,2.828641162526128,0.12816126353586615,-1.5481047828052619
-0.19819286251189833,-0.17524549633346026,0.5039497591967538,2.8379214867168594,0.1291050835677787,-1.549824271298203
-0.19839835807763914,-0.17490419415024705,0.504381384774404,2.845931011882243,0.13019802419190063,-1.5510419915295068
-0.19858921612125233,-0.17461010345981506,0.5047857838373985,2.8535554837079267,0.13113772419419553,-1.552079226716039
-0.19880451498162574,-0.1743298230266505,0.5051623103095243,2.86070617909556,0.13244444623676332,-1.5532558415200828
-0.19904091463796142,-0.1740052623430244,0.505533149144743,2.867236650376092,0.1339966775355273,-1.5550520490759066
-0.19931030240146505,-0.17366845457459212,0.5058751420038387,2.873677404751304,0.13515103668369147,-1.5568685534700888
-0.19957786896546978,-0.17327851605396727,0.5062437122079708,2.8797793074973606,0.13589689521767132,-1.5587580601048616
-0.19986132403033574,-0.1728502733613696,0.5065888033754308,2.8858230685944006,0.13622211955791447,-1.5608806747238493
-0.20015964252680973,-0.1724429529970853,0.5069334949653226,2.8914154780105186,0.1361227149611218,-1.5629729344582661
-0.2004626900129304,-0.17206572588837957,0.5072979724782082,2.896148730017757,0.13649653626514477,-1.5650580493553827
-0.20075665211235236,-0.1716659878086816,0.507617019472134,2.9007293209455645,0.13658993261767688,-1.5672503529190562
-0.20104720880231036,-0.17121263020784808,0.5079025170318657,2.9051194148133135,0.1362156711611094,-1.5699875885066705
-0.20133486906177897,-0.17077269615511506,0.5082015767843776,2.908597388837995,0.1365991143565652,-1.5731327540643831
-0.20164416397166512,-0.1703734370929423,0.5084299931312818,2.9118452024035664,0.1373275377755772,-1.5760508552659913
-0.20202484135926557,-0.16999878298892968,0.5085092365862063,2.9157218358625547,0.13771889193565712,-1.578767318764134
-0.20244771934662176,-0.16967687974768952,0.5085103031371839,2.9196857277529222,0.13782343898370514,-1.5810410567046875
-0.20284645562541084,-0.1693783592699715,0.5085564491842787,2.922145669578306,0.13947324136067588,-1.5838474398634848
-0.20321220537761378,-0.16907188235447992,0.5086261275729481,2.923552212895385,0.14176715646181023,-1.587104707762183
-0.2035652789747655,-0.168796773664224,0.5086069824212408,2.925627083112361,0.1428452764860917,-1.5899131974275238
-0.20389396750274205,-0.1686031400318479,0.5085359220144334,2.928021251203828,0.1436371711177951,-1.5921314378483777
-0.20420841261024447,-0.16844785425018713,0.5084091199105863,2.930645756687809,0.1447385382090943,-1.5939947425149217
-0.20453228375956137,-0.1682859524271631,0.5081759385099616,2.934053004543267,0.1450280978535904,-1.5954617381998368
-0.2048836928288134,-0.1680834339067475,0.5078526405942718,2.937603842660195,0.14544253996647502,-1.5971086771697598
-0.20530280276197502,-0.16787743180594794,0.5074377567332322,2.941186852614977,0.1463459499263518,-1.5989615651540423
-0.20576970638319364,-0.16766042551569998,0.5069838290122554,2.9448410866329313,0.14690756464620428,-1.6011525156019584
-0.20620650516315267,-0.16751450569623588,0.5065804459398938,2.947960134329625,0.14746255010494144,-1.6028677329855887
-0.20659003231786,-0.16743065450104797,0.5062635774640732,2.950193330027848,0.14818588525159768,-1.604241540516393
-0.20693531468430842,-0.16742571805682638,0.5059962505053498,2.9516557769569824,0.14896273592649206,-1.6050722583030823
