vx,vy,vz,vrx,vry,vrz
-0.010768265192160805,-0.0188267165312165,-0.09671904717340617,1.1262892539164147,-0.2516159233122619,-0.3908732578229313
-0.012313755531360188,-0.010115972879362098,-0.11144855559750162,1.2064064453454915,-0.2863290494166808,-0.4557403636663203
-0.013527839031212853,-0.01050067499956224,-0.10977378971615397,1.1593991140248145,-0.23711135188448373,-0.41178768569249646
-0.013297062826809813,-0.019800079128916744,-0.09465057380593632,1.0029130383757434,-0.1362208184886722,-0.272373415976545
-0.010617040298395759,-0.03254840824784127,-0.07297347434124402,0.7825507434177976,0.021865087622578994,-0.09381196504367478
-0.0056310844534987956,-0.04613657485831806,-0.048854651216008085,0.5227821148375874,0.2399487594232575,0.0961197319837726
0.0012750981937368067,-0.06157078718343906,-0.025912378923155302,0.2509885618424421,0.5220972231070957,0.29481388876611925
0.009256160865612609,-0.07917624411676266,-0.006585276608636739,-0.02171587036289868,0.903429560960596,0.4815168635449973
0.017762121809453378,-0.09950908286891919,0.009118080317323127,-0.2872657509308836,1.3685780519030815,0.6404440609347145
0.026660170521915303,-0.12326512247443433,0.02252513143637344,-0.5285026455782719,1.8434672551347064,0.7865699881100948
0.03635440802729692,-0.14975130741892367,0.03526281478554731,-0.7383298208121414,2.272487788523145,0.9354020918852806
0.046140682178883854,-0.1766552523886476,0.04413748529813252,-0.8898146190451748,2.661408297159848,1.0825819277208477
0.05584137270326986,-0.19917359633533815,0.04793879599358376,-0.9905547863333979,3.021736635405486,1.196217961259185
0.06328142826270237,-0.21297616907811576,0.04640793623370339,-1.0401101504896275,3.2998272543375227,1.2526724756105443
0.06661960085935216,-0.21407941563022168,0.04259807217420662,-1.0222454545413653,3.4010937643917356,1.2261892479929417
0.06630977664000273,-0.20529100760354094,0.040363435142486,-0.9521381397976715,3.3030680558486654,1.1464654852229763
0.06280952484672475,-0.19215532863817586,0.039291355008444974,-0.8473898770241933,3.073212296057523,1.059128106899382
0.05777288072353396,-0.17770249753026301,0.038398727152799184,-0.7402700544422764,2.8285591805964665,0.9715840316724167
0.052676511966913725,-0.16398470353208483,0.03567191242423329,-0.6409498400561159,2.6474314919179296,0.8857976946868
0.048604074720724706,-0.15331334002295668,0.03063829804353415,-0.5512337864313379,2.544276186420684,0.8168170361443418
0.04589618976583879,-0.14113262308817504,0.02581471681831545,-0.46293912612119614,2.42926503657109,0.7288926848271914
0.044424306010759994,-0.12438649020321026,0.02255932259167711,-0.36492759121413954,2.2351562390692483,0.601633648723042
0.04405530587163705,-0.10442672798366534,0.020790896862769907,-0.2529176259868162,1.9505762414821275,0.45473623442936295
0.044425493999039306,-0.08449992408339388,0.01978973851211441,-0.13228012464052485,1.619967279043681,0.32266132913786394
0.04516427646756888,-0.06736110198386318,0.019680113340664638,-0.02219287341777043,1.3043522808908339,0.22695280700830744
0.04636334486751928,-0.05463331352143422,0.020644092162957546,0.062347020509886164,1.0616279877013,0.16809795289599594
0.048151425241979004,-0.04752694712770949,0.021369110294180066,0.12494351138623258,0.9193465000695877,0.14520879118035918
0.050567167815166625,-0.04550293203178224,0.0210064100551476,0.17641376359517089,0.8681346704269438,0.1445154102619173
0.05296201787253048,-0.04481405790090731,0.019721241354673777,0.23145473783684867,0.8459030785558996,0.1348263737461291
0.054597695800858825,-0.042201828396422565,0.018546860665890553,0.2965224794150003,0.7917719327162398,0.09661595453874472
0.05525145317748777,-0.037061586846288394,0.01957895426919156,0.3593088791875974,0.6942980680621518,0.03355995661463299
0.055171966053508784,-0.029846146033923507,0.024778772620315897,0.39811315081698456,0.5867067788822542,-0.0429309006692115
0.054609767871318854,-0.02165575985707516,0.03463352245365627,0.40102323751812885,0.4958648118371354,-0.1257661045778178
0.053614175735026394,-0.01401249394839245,0.04800473255898831,0.37249441824508267,0.4337283087019198,-0.20756659140758846
0.05196516211983195,-0.00827945670718468,0.06294006270148084,0.32898283250164756,0.3958050214923338,-0.2793619125863491
0.04950182716181133,-0.004096413070708462,0.07767571092859976,0.29021446596245615,0.3593937865781058,-0.33751798916107806
0.046257172221556404,-0.0009661031135678086,0.09169608010851073,0.2617008905613697,0.31988362743111076,-0.3801109229563424
0.042366229790510294,0.0017748553365831607,0.1051752502739623,0.23995554108863923,0.28146765390887685,-0.4114592978473249
0.03805800994692073,0.004674828868547251,0.11833592068434606,0.22221239741059182,0.24584263184990324,-0.4355431291073984
0.03343041102251601,0.007764389817171258,0.13123285971762033,0.20841842909169744,0.20818589449800862,-0.45106125129926217
0.028487725793641564,0.011485572709165729,0.1438261210279696,0.1986666115821988,0.16382233661190965,-0.46303553164420497
0.023155153176731162,0.016489033467970423,0.15594169230854626,0.1946761135703065,0.10848845789540185,-0.47659098421438706
0.01746691327067907,0.023441859029611493,0.1673582811380305,0.19808023955571502,0.04145425808559974,-0.496350747170516
0.011452834868868757,0.032453159969549825,0.1781243738973701,0.20853356244455365,-0.04196174228245727,-0.5239665337919901
0.005420750042227425,0.043871850997569364,0.18828601044303003,0.2242765434022252,-0.13786250551062415,-0.5619749807539262
-0.0005493333140298949,0.057029316749268436,0.1977150778646771,0.24359642179024735,-0.2396695858993656,-0.6054955826016609
-0.006296535907164587,0.07149459909267909,0.20617769116607557,0.26685846879326836,-0.34134781980607476,-0.6503598265617545
-0.011907439516770226,0.08659854013413629,0.21341076267487366,0.2965587360587476,-0.448047762860514,-0.6908843280324586
-0.017510777925806995,0.10164336382722694,0.21932207845188934,0.33430495993938025,-0.5696363627562585,-0.7233860038429789
-0.022989183658531618,0.11688180847347904,0.22393882499836354,0.37854371526399033,-0.6993012294494962,-0.7499784311228723
-0.028364590020068175,0.1321475686251343,0.22694296039559658,0.4305113915777543,-0.8328279718603044,-0.7713947565541512
-0.03358937315905233,0.14708103963103633,0.22791662227160883,0.49357998510887213,-0.971818052358896,-0.7869399533407267
-0.03827653460279073,0.16185280528582485,0.22628274607332594,0.5710420961235265,-1.1120371682875734,-0.7978003829197806
-0.04243989850898586,0.17666295759524164,0.22270286787872046,-2.857855918526011,-1.249044593401916,-0.8058254942153706
-0.0457320541730126,0.19146095102997718,0.2171532086929326,-5.791083593805227,-1.383126272692991,-0.8115357296523983
-0.04820539909195944,0.20570204164696435,0.2098689597759144,-8.289611047396646,-1.5109038944379372,-0.8127561828043055
-0.0495728833359542,0.2195633068095519,0.20065985348194096,-10.40315879799401,-1.6274585225577982,-0.8122822127208693
-0.04974617725197622,0.23341500959303838,0.19005818454598403,-12.178968863918575,-1.728366628926153,-0.8112920901389705
-0.049196153777534946,0.24672705520164304,0.17897550220061267,-13.66130170859094,-1.8095231740745346,-0.8053892758581538
-0.04812637744999506,0.2588136025979858,0.16748614769573986,-14.880529264284814,-1.8776545835946419,-0.7938394535697259
-0.04603139152054811,0.2697518859467403,0.15486585363539293,-15.85456338184237,-1.9419575983164872,-0.7811805967777573
-0.042761503138883494,0.2800347485165843,0.1412229297326732,-16.607796273931392,-2.0031839459904464,-0.7693657278465648
-0.03886755976313354,0.29015765351414136,0.12716230886543511,-17.170186939407444,-2.0533803094552687,-0.7585676096798949
-0.034664063877115056,0.30021347084388816,0.11283178164236438,-17.566223833592836,-2.084298816246277,-0.7483262638499006
-0.0304872680139398,0.30996087962416047,0.0985047968812776,-17.816761884594655,-2.0985746403971044,-0.7385425320224597
-0.026216452631345043,0.3193133678626774,0.08411193335680392,-17.935556727806297,-2.1011820813954616,-0.7306714568702362
-0.02136489567288804,0.3284857048189032,0.06970937969314037,-17.936755051947465,-2.0904587377055273,-0.7217340800550448
-0.016234267307191536,0.337227024795134,0.055862710394802936,-17.837283231842456,-2.0667236488164393,-0.7050084176012867
-0.011308451524208084,0.34511783017286235,0.04291644079337695,-17.649301229338455,-2.0331754006175573,-0.680589266465436
-0.006286201268084022,0.35250282970607993,0.03033608735275887,-17.375621356078426,-1.9935595941370083,-0.6568379215618495
-0.000695383643517386,0.3600566106790384,0.017603683805209838,-17.02134266613322,-1.9472920732727936,-0.6388777241819974
0.00502791452913097,0.36754735949868117,0.004943981604913036,-16.597681062917026,-1.8964502367698692,-0.6246967182315073
0.010399068925974067,0.37439992125234967,-0.007458952825499493,-16.116226028078565,-1.8373355619546543,-0.6098082550870793
0.01570299960932633,0.3807590641214671,-0.019899238344942338,-15.582947507668258,-1.7659842646302568,-0.59605381383584
0.02160353178236254,0.3870037669559969,-0.03240615796446408,-15.004149254105693,-1.6824810868114728,-0.5825711614945663
0.02780480451052285,0.3927647414197269,-0.044345826683535504,-14.387977496120971,-1.5960218785564368,-0.5663411756500283
0.03418235630754793,0.39777048875682136,-0.055662940917106996,-13.738737117746657,-1.5102212249563611,-0.5477401157078667
0.040599784987233975,0.4017747217770037,-0.06651460802693662,-13.059281115064316,-1.4265867919994448,-0.5290289802883729
0.04704443461063161,0.40488125414617604,-0.07696622515418527,-12.355512939085935,-1.34081062628885,-0.5098722905902991
0.05381494033434053,0.40761418526449533,-0.08703696374857757,-11.635570760292968,-1.2466097357670944,-0.487630461831609
0.06056951933653672,0.40991252099082554,-0.09617829875414995,-10.907869013812189,-1.1483619308422734,-0.46114515500668024
0.06698150285109247,0.41162186805917234,-0.10395477938447006,-10.176146819296008,-1.0540676880280662,-0.4343116067382502
0.07316543051523786,0.41256746122230625,-0.11043738227431737,-9.441238675307057,-0.9654849009199035,-0.40919527373211295
0.07901698520149633,0.41238345005994675,-0.11581901851939425,-8.707133101156504,-0.8815433689934413,-0.38137144663214384
0.08452166081407052,0.4110470347449629,-0.12049683107776202,-7.9788445385028846,-0.7974488484934645,-0.34648571214790413
0.09004983342542258,0.40951499179220985,-0.12481779217590082,-7.259543333029013,-0.7096826306160624,-0.3089367415800566
0.09548783111415171,0.40813199014340007,-0.12841462803064954,-6.553871919225566,-0.620317635044072,-0.2700525117396713
0.10033328552143668,0.40645167996994913,-0.13087042220932243,-5.862432147884572,-0.536822424573425,-0.23217229994484484
0.10448614784766275,0.4038642002065508,-0.13231225853960496,-5.185109250398638,-0.4622180859641237,-0.1969501073217873
0.10822319499086834,0.4001517636796164,-0.13323938973310634,-4.525160140687692,-0.3894411845790456,-0.15951746196146868
0.11215171079581998,0.39578425104070186,-0.1340565868879512,-3.8854575816722696,-0.3120281894868637,-0.11655458681365938
0.1161229975283279,0.3907715470709918,-0.134601372635982,-3.267892580286151,-0.2342227475726445,-0.06741655935908522
0.11979574745463496,0.3851899226342677,-0.13456960217520614,-2.6735461494861252,-0.16028001130491837,-0.01630923033385745
0.12318384392385787,0.37912289953372114,-0.13378532806222324,-2.105155192359402,-0.08881387505871777,0.035604791621149046
0.12667474902565967,0.37250401616182754,-0.1324027535344228,-1.564225447592201,-0.016374547552775814,0.09138958015251533
0.13005388631482281,0.364980270480798,-0.13049583543020007,-1.0506815173022315,0.053059369450344174,0.15182321465664905
0.13293275047386824,0.3565680518996327,-0.12797807707114486,-0.5653391814258311,0.11661939842013858,0.21521027099717907
0.13519261815449626,0.3476508221521103,-0.12485323709763076,-0.1112374884182652,0.17916777401298217,0.28144762771081966
0.1373641906352717,0.33896763755188886,-0.12165311524895812,0.31245372819861883,0.2484850271943289,0.34772524800955534
0.13927389786307226,0.33043285221495866,-0.11838871575244336,0.7084885445475015,0.31597842121626774,0.40987954990904174
0.14075740097090406,0.322057049538453,-0.11498460892469275,1.0777171537448909,0.3777299451608803,0.46727266909599596
0.14153117060936132,0.3136384487291454,-0.11136864419879337,1.4210728190447521,0.4295292349852263,0.51902132566953
0.14153662608856948,0.3052290420104458,-0.10769512405898024,1.7392206731512376,0.47428942381651423,0.5635550209959341
0.14128026252953116,0.2969168354123382,-0.10438527149772532,2.0339342178635444,0.5177284190846022,0.6026880339950889
0.14114599653984294,0.2886709567969299,-0.10122027540895158,2.305994159594965,0.5544742806492214,0.6366061519747165
0.14127698056871632,0.28054934077274,-0.09774269596358225,2.5529897102277923,0.5847631095572435,0.6665393814997913
0.14191502011827575,0.2729462399546411,-0.09382042849923257,2.7724135710130735,0.6120258730194574,0.6910403443548492
0.14268759087796432,0.26530391605790593,-0.08913749557706158,2.961658129177279,0.6321777227750695,0.7138491020692094
0.14335505915397234,0.2573544943044635,-0.08389752736636998,3.121504375148427,0.6473499735136828,0.7361239617034449
0.14358201730789436,0.24894439258473952,-0.07795747627813304,3.2522120334822824,0.6590508011325393,0.7572454907031801
0.14350803379489496,0.2401909142552679,-0.07167830568729516,3.3583014593369596,0.6669531287886425,0.7743937920731988
0.1436101232314446,0.2314780311187089,-0.06577491635242821,3.4443216784331714,0.6698372474539583,0.7862781442400725
0.14401652692147757,0.22301595538461078,-0.06044719231375473,3.5103851058293136,0.666194427230138,0.7934344896444891
0.14414857545838952,0.21432182926563292,-0.05529757445601885,3.5525011696863684,0.6604129910519956,0.8008687850567269
0.1438764695193914,0.20534981844929348,-0.05070954158899907,3.5730512032987116,0.6598506898403471,0.8088318976244423
0.14355493924315477,0.1961979604263691,-0.04743965914998885,3.5810995317311276,0.660892584302638,0.814001696235384
0.14353253756303985,0.1870632798936263,-0.04541226758323732,3.5807472877940554,0.6558962633948373,0.8152449657007468
0.14382332924940422,0.17762859688124755,-0.043549247373075785,3.568159965201658,0.6423382176176526,0.81524794143743
0.14426598907086582,0.16766470523355645,-0.04191236487012236,3.543730437883818,0.6215106107822042,0.8159049892561849
0.1444801800513831,0.15704325229943814,-0.040520588353092864,3.507081702398559,0.5975231113523509,0.8189335383942579
0.14418808620432197,0.1462542965489936,-0.03933630613174414,3.4614238556014163,0.5645645501520644,0.8173450418470537
0.1435807164889954,0.13588977656425982,-0.038610912348335386,3.40970040576402,0.5216297342890348,0.806058783596734
0.1428938674107319,0.12572378830625505,-0.03830013981543622,3.3488518302464234,0.4769913687793584,0.7914668603380632
0.14213675677885476,0.11517299946137366,-0.03812600804855863,3.2746061436298843,0.4406679860883498,0.7813620769724957
0.14095028510508414,0.10484028667063716,-0.037930855663102,3.1920054793901773,0.3997943666143824,0.7654258997929005
0.1392297964905922,0.09562838151875341,-0.038126230174278276,3.1098378782641394,0.338681716286362,0.7309990030865747
0.13691087936021662,0.08754584082135183,-0.0391074197020293,3.0280194124698583,0.270759728585085,0.6817762720798155
0.13399309722548838,0.0798516216173628,-0.04049307839049719,2.93704878239644,0.21637686756770896,0.6331380749411178
0.13058325376888097,0.07208594774639546,-0.0420715975030907,2.8380372932699878,0.17365502152165513,0.5868428694539375
0.1267115091870732,0.06474548002938169,-0.04351264253827397,2.738320357631216,0.12091727288710077,0.5317623567403789
0.12244127162474927,0.057876871447055014,-0.045102374795227315,2.640634285960601,0.057941263948367766,0.46869468082744387
0.11783979608201187,0.05093702668232208,-0.047091826138871085,2.5394107270808726,0.001440467292724984,0.40892971208522005
0.1128644866838134,0.04374087179459871,-0.04912711667762705,2.432144606671774,-0.045057788563975104,0.35509069859825987
0.10752366176327628,0.03671565556644402,-0.050769050159297516,2.320855180474299,-0.08948344492447644,0.300291450795642
0.10197120303769185,0.029656330677783966,-0.051896079274098075,2.2043272330345625,-0.1304855926597711,0.24801881660583835
0.096356192923721,0.022267852714990634,-0.05261537486770787,2.0801798394300306,-0.16341000866040473,0.20440857311760044
0.09064934343617743,0.014987336875859422,-0.05296166776339001,1.9501955960993445,-0.19156054224712044,0.16514449420014324
0.08481691311723642,0.00828369666575701,-0.05300517111544858,1.8206927090514458,-0.22193963663502833,0.12276057505738738
0.07881131705090016,0.0018581054584733865,-0.052709298914487654,1.6898673330651768,-0.24664237483395945,0.08236316965995644
0.0725859565744521,-0.004534569150759563,-0.05183133626045665,1.5547920151044914,-0.26508214458164964,0.047187223548615875
0.06632353102219014,-0.010544074005079677,-0.050402039569742686,1.4179430762057619,-0.28397343734510727,0.012056313987936607
0.06020811440108773,-0.01612180648820478,-0.04842254354974253,1.2797650517235626,-0.3012858263694086,-0.02205639280291602
0.05434308411016002,-0.02144738652623643,-0.046168623157533624,1.1427015928957074,-0.3156525393455345,-0.05288238570692587
0.048575718099390514,-0.026403824819454847,-0.04383588466080756,1.0102115937607055,-0.32983721739697774,-0.08284574649737111
0.04281877637863578,-0.03103043136005145,-0.041328553743905094,0.880595307498621,-0.34069450706760607,-0.1107178900635511
0.03707930552180852,-0.035205900018665845,-0.038676195303818744,0.7531949281665496,-0.3485083732140858,-0.13696955278932393
0.03144057612824935,-0.038859550082604666,-0.036097341594250335,0.6305475858974556,-0.35492334805054343,-0.16286639254650134
0.025912053891334864,-0.04229900553086115,-0.033485490274750306,0.5123389119058999,-0.35780439984576523,-0.18522336016855226
0.020556896328789036,-0.045525772087542625,-0.030766950545795133,0.39910141268021365,-0.3614772991984079,-0.20449319116614542
0.01552595425220618,-0.04825218329292741,-0.02803557605907544,0.2913760712582904,-0.3645930552912324,-0.22320419392507962
0.010856973664060361,-0.05055912475183511,-0.025232409096237356,0.18560035687971915,-0.3603373939399037,-0.2389666588790808
0.006566552939054919,-0.052674518807222646,-0.022130405083538453,0.08103806446697481,-0.3540048325961306,-0.25116351198567005
0.002602171556188997,-0.05459712663919479,-0.01879511493221591,-0.020746536425362616,-0.3469537111664722,-0.2606402572751244
-0.0011822950193032984,-0.056470159076822,-0.015490487251726607,-0.11760532869919571,-0.3380328667395278,-0.26673603708029237
-0.0048036116164469796,-0.058300005281093616,-0.012385163059540088,-0.20852538631504725,-0.3267045979881731,-0.2699208664352471
-0.008184448463591901,-0.06000413647404193,-0.009420248139770007,-0.29494192763095284,-0.3142412351013832,-0.27022996827328416
-0.011285332378667535,-0.06147196330902131,-0.006454443849311901,-0.3785291401036298,-0.2993846671537115,-0.26851004547945817
-0.014220052499479632,-0.06265872209059213,-0.0033796823314735103,-0.45925867079529203,-0.2813425742561667,-0.2658439731083018
-0.01701004835873879,-0.06364605002643932,-3.2875111131992416e-05,-0.5376013005115734,-0.2624563405245415,-0.26095549866551027
-0.019585757248979926,-0.06431611728418572,0.0035437286650420157,-0.6141479944376884,-0.24230579171223374,-0.25400216268631176
-0.02192229386727892,-0.06450619510237952,0.006905643351523412,1.9269017882587338,-0.22116586435048202,-0.2479505856009467
-0.024037613481349748,-0.06441703127407705,0.010077802472071544,4.231247235305235,-0.19766474904526438,-0.24152080088745537
-0.025936073081942387,-0.06417353453006305,0.013063088515659354,6.309962551252575,-0.1754199552376921,-0.23384514554795116
-0.02763463058105356,-0.06378916799438267,0.015790612644649957,8.174333006356369,-0.153441288886426,-0.22540855697738071
-0.029163303509583228,-0.06327412144965672,0.01833124248055413,9.832396774077036,-0.13147674236636753,-0.21565002278849005
-0.030497082660931586,-0.06254200529458931,0.020907374158909933,11.29001401988469,-0.109347487735638,-0.2049888466340642
-0.031611604315365006,-0.06149272106263265,0.02350692620821323,12.557763757502212,-0.08800737968873634,-0.1949942246409797
-0.03248760675577837,-0.06039160510072872,0.0260842800729777,13.645675368914862,-0.06750961236387887,-0.1830438032457652
-0.03307885238524766,-0.05906574809657697,0.028366108935972027,14.565078338375638,-0.047852907342278664,-0.17149451768480925
-0.03345447854962445,-0.057557879324891384,0.03040550209764579,15.324645840468175,-0.026692611037630515,-0.1606819572426346
-0.03366388085008546,-0.05576352838521105,0.03222344893416008,15.934015090025278,-0.005140801763444239,-0.15180173168695021
-0.03385816216705524,-0.054021718742460714,0.03377345487654832,16.40303227659116,0.01677319952924538,-0.14182549604109645
-0.03395775530241295,-0.05212030092597681,0.03495515960195284,16.74186503647713,0.036296668026937096,-0.13285277589473626
-0.03384834408291865,-0.050244412274318674,0.03594849873916374,16.955917222930807,0.058438692344353976,-0.12187333951732945
-0.033593325939546434,-0.04840571969474515,0.03666824216467492,17.05492713238653,0.08099987305328189,-0.1106007465830503
-0.03328250038380777,-0.04683314654609444,0.0370456271879004,17.050196840673273,0.10351606242640501,-0.09897965549565588
-0.03290578227742258,-0.045349420449050604,0.037013429560862746,16.951842096897277,0.12492111396379707,-0.08818321167730882
-0.03250031785402994,-0.04385705243675826,0.03655121100299766,16.76715892953887,0.14680625628663047,-0.07714777883371884
-0.032190560476889604,-0.042255047789348944,0.035599525177069324,16.503640763389434,0.16961077197451085,-0.06724410517236648
-0.03200727789826649,-0.04086753447950937,0.034329859998297706,16.167655075518425,0.19424803360833984,-0.05674241693278489
-0.0317546673092658,-0.039592392773898546,0.03268023586049321,15.768606778626644,0.21752830805931087,-0.04683396818138246
-0.03135097269291301,-0.038213755088745464,0.03083574473579328,15.312328767250051,0.23828862506082826,-0.03718554487168848
-0.03090701548108616,-0.036669477117775406,0.028934204393634047,14.804098376445912,0.2578008833922664,-0.028335378247633915
-0.03042226549198819,-0.035305113582968034,0.02715408773178763,14.249555712416413,0.2749014679257958,-0.018099093004624
-0.02983372392161699,-0.03395691904345147,0.025570683305462662,13.652983701318613,0.2904983982759686,-0.008129017685365059
-0.029210144745076945,-0.03241148016810209,0.024023284013559257,13.020983839485627,0.3069627257571298,-0.0007203855500350839
-0.028554940491478817,-0.030704504719489684,0.022479990829075706,12.360163370030753,0.3233600712245148,0.005899089512153965
-0.027825887188294846,-0.028981352763940434,0.020991051748006043,11.67569514629071,0.33917584868278816,0.01293984618036802
-0.026958805312909374,-0.027151102389890304,0.01936518013197993,10.974149286472327,0.3531094575621928,0.019368498920294207
-0.025968147269413072,-0.025409104894172495,0.017604866930515016,10.259534632459832,0.3662558907644317,0.02693469097825323
-0.02496433828669075,-0.023707461069755742,0.01561910166127252,9.537331251721767,0.37897400299566136,0.03400390951472128
-0.024129776165486803,-0.022084924221703314,0.013432844920712578,8.811385825668385,0.3950793180842362,0.04003640232813289
-0.023351717963030087,-0.020189242727170518,0.01110506598908624,8.086214099953121,0.4106049166104822,0.042615721686244085
-0.022511782768563728,-0.01813592950396305,0.008818460197259709,7.364751153293737,0.4243512954485252,0.044356972177442444
-0.021584670848254554,-0.01595701044397232,0.006550515001742618,6.651365766968285,0.433828090340635,0.04565459323023926
-0.020576140084777813,-0.013841453549195516,0.0045473338488424345,5.945882967447469,0.44486112436062136,0.04735333975961739
-0.019553304602992847,-0.011745811201206177,0.0027074807681908963,5.251950381145548,0.45495936660231945,0.04780201143679653
-0.018568687939536917,-0.009692164850988692,0.0008346550358939286,4.574051587167794,0.46308868449859975,0.047140792814588314
-0.017641278248345202,-0.0076760016962318135,-0.0009984850261039319,3.9144245618981848,0.46937146674643704,0.04624083963613622
-0.016781911040971525,-0.005818845798227396,-0.002754274445798204,3.2757121443036596,0.4738332138476017,0.046897696425942714
-0.01597013253892524,-0.003788810265520164,-0.004419186595547156,2.659278922582762,0.47705360906838795,0.04588185256089599
-0.015200418063880262,-0.0017757239356300091,-0.006026905967241888,2.065927445987687,0.4787856858627355,0.043224143562611124
-0.014297316143720894,-6.932233074742611e-05,-0.007427223706278968,1.4946071632798557,0.47970823049723466,0.041060567940216744
-0.01315780131177366,0.0012295955105155474,-0.008725168206628987,0.9466549886636326,0.48314013757335816,0.04047942989688748
-0.011824672658227734,0.002110268317467246,-0.01014690516728656,0.42525744164039536,0.4872475581696727,0.042416652999379925
-0.010384380220848925,0.00267244455364232,-0.011766295802978003,-0.06791996509404097,0.49029609662123225,0.04678125721492264
-0.008919360099549377,0.003026116785402583,-0.013402974164433347,-0.5336230795293364,0.49425388752753596,0.05230962765804932
-0.0075164377435203555,0.0033000972226617667,-0.01490008325026956,-0.9714601750288763,0.496960223053127,0.05769125596624275
-0.006108814543322046,0.003726530167701494,-0.015909339125597294,-1.3837024962439186,0.49868758568913535,0.06126548392952121
-0.004818457986568638,0.004216790684943891,-0.016471685135595528,-1.7685561831883998,0.49660518093039335,0.06330675560030073
-0.0035872465924334544,0.0047503997502972364,-0.016854418875888243,-2.124482469010651,0.4922915783103895,0.06414516454753516
-0.0023468848373875053,0.005213692187216036,-0.017301263719704408,-2.4510743902251897,0.4856414529913236,0.06522515903977116
-0.0011602472990040026,0.0055318205566059,-0.017921473050821916,-2.7477119087005617,0.4775530321173357,0.06695722750764574
-9.642965815080239e-05,0.005804781239568372,-0.018795532263944908,-3.0143492002202312,0.47013155251535244,0.06832952409815063
0.0008140290762500236,0.006221956528789015,-0.01971307412608971,-3.253364930331729,0.4630944736143537,0.06788407522340582
0.0015308288994582513,0.0067580086458609205,-0.020481357640891994,-3.466417684862334,0.4548453221156786,0.06595647559917463
0.0021686875587158686,0.007373874758491093,-0.020950921252097833,-3.6555805851969354,0.44496624031272475,0.06320324603739784
0.0028050583435149847,0.008056589329439007,-0.021238061337457523,-3.8207519614063434,0.43527938048235054,0.0593560454280944
0.003399617805301218,0.008631818666483156,-0.02158929466333908,-3.9600820990940253,0.42425676721653016,0.055645755934845914
0.003906263755808243,0.009135993561128937,-0.022092083413930347,-4.07417984284614,0.41246153388212214,0.05143300907882347
0.004441766918507889,0.009551141312613367,-0.02260265502192622,-4.165710498719637,0.40065995745053595,0.047786624410702125
0.004981015566256242,0.009859310408172834,-0.023067577095175703,-4.23593699584013,0.38833897186290267,0.0446453439905638
0.005455842853651049,0.010022841474789743,-0.023470716224663873,-4.285969656975246,0.37732097033161427,0.04108539031422902
0.005822629271099876,0.010113233360470653,-0.02381611354913952,-4.316856982128722,0.36736154709968505,0.03752455171346582
0.0061479687981560805,0.010482678418187662,-0.02432532367932489,-4.327855341872305,0.35811842610454725,0.03185505588707056
0.0063660734639486155,0.010947271694294988,-0.025083027948737166,-4.317635624212612,0.3458724116818327,0.026797906382923342
0.006459692343954011,0.011397138730049643,-0.02594922927176167,-4.289197910548226,0.33364548627713747,0.021737269690623617
0.006514213693023665,0.011822158719005313,-0.02688460691546115,-4.243898288791688,0.3210699210402272,0.01576057946865993
0.006662273416222998,0.01192418273682304,-0.02789903622719088,-4.182967403789144,0.30745960689622176,0.012648276617689053
0.006912404469488677,0.011726766288911419,-0.02893319595527462,-4.108875880287732,0.2929712774195151,0.01333607886055318
0.007090604649145135,0.011626757565289636,-0.0300096701476696,-4.021366350688738,0.27866808365049955,0.012955616706781747
0.007114450680389052,0.011658686658930344,-0.030987117634862456,-3.921886800297737,0.26306784790287263,0.010814916728727881
0.007079935653573198,0.011666773868001667,-0.03165939222699616,-3.813946635494534,0.2478968085011642,0.009009546236418997
0.007062948415645424,0.011468800691787483,-0.0321303630297328,-3.6974272593058037,0.23114255103375436,0.008503164688937949
0.007135417484028958,0.011022879342866554,-0.032489099241959044,-3.5732075369488783,0.21516232412849923,0.009313497059408685
0.007368586077687132,0.010511052460628868,-0.032769067733435506,-3.4425823601114987,0.20088500813839003,0.011073306839164677
0.007559951698124071,0.010051342068802385,-0.03306952281188727,-3.3045556595804593,0.1847204942180526,0.012670364200069052
0.00754618000439819,0.009415906560835562,-0.03326386626493036,-3.1615904873265066,0.16924932676403648,0.015184008472835478
0.007312041463674545,0.008884355566725205,-0.03346687571517563,-3.014473974099616,0.15515541965790924,0.016605182912712294
0.007058146808236928,0.00833512137488252,-0.03373918561415074,-2.862871775637747,0.14241018663994517,0.01893512601860292
0.0069195839808855065,0.007513489251408855,-0.03394969692034179,-2.7094987630989325,0.1316134969992074,0.024783915361942643
0.006913314518944164,0.00659595707941798,-0.0340681831422207,-2.556265529020097,0.12365382455826873,0.031480175438279516
0.006882061452942784,0.005476159323581187,-0.03421807032019527,-2.40241836362882,0.11607280111709439,0.03993144789097884
0.006852013529696632,0.004351745894615904,-0.03451472265649885,-2.249137703645115,0.11375486074790468,0.0495201688172148
0.006752826642276739,0.0034987098718621667,-0.034992734812892404,-2.094833935936868,0.11146740688728721,0.059142573752453416
0.006551931055530657,0.002908472426606805,-0.035479748696524815,-1.9406528152690008,0.10693154276511062,0.06842320274646772
0.006388982823131769,0.002405067581425439,-0.035612788690954265,-1.7918620978037778,0.10607870289025828,0.07884643470407592
0.006304069337864911,0.0022435706050040033,-0.03550292780532446,-1.6482298134569024,0.10728546764357424,0.08725493069904472
0.006213678675488294,0.002277554777218236,-0.03507025666783431,-1.5099202349264256,0.10812168299102932,0.09450582970912019
0.006094856467813623,0.0025242432731280716,-0.034290415781036615,-1.3786932421636116,0.11328916358878947,0.10117990530558967
0.005874897216219997,0.003311105240480415,-0.033360819376434876,-1.2536306618942894,0.12064633957331677,0.10460478752042929
0.005643926031232357,0.004440363298577399,-0.03238299347792802,-1.1330279467448194,0.12698592514592927,0.10608518333817721
0.005495288351949498,0.005414639498938698,-0.03129931018651748,-1.0172232207655403,0.13314372771423127,0.10973606136888946
0.005303894191852664,0.006498128523843046,-0.030251321270495592,-0.904837447057554,0.1372633456120168,0.11333920239801636
0.004864904890971187,0.008031466636099945,-0.02932506490048501,-0.7956227536337848,0.13916315544887645,0.11295794460731393
0.0041027301451205065,0.01004464990963936,-0.028373691376285565,-0.6918757061521689,0.14093897844616454,0.10813456567537559
0.0029745285717970187,0.012487008847084542,-0.027342437195263497,-0.5936064971369508,0.14331787983482047,0.09899809301391986
0.0015801250028141863,0.014992465599612804,-0.02632868909010863,-0.4985304308404052,0.14468025775251928,0.08880517010607838
8.61100254134382e-05,0.017349416282924017,-0.025271395147820376,-0.4071526691279344,0.14538656563491506,0.07924788777612911
-0.0014730103791254796,0.019545954049924402,-0.024078462753219364,-0.31988762491704054,0.14483925629381988,0.06914324509586117
-0.0030184978740950674,0.02143022825873129,-0.022547433485953727,-0.23905438268818896,0.1439680729551703,0.05872344531762918
-0.004560693772485616,0.02312234539366244,-0.020946599348883058,-0.16273010747150823,0.1409766669594329,0.048230890670857715
-0.0059371046440351,0.024658671571773583,-0.01950884453201733,-0.08973524263990765,0.1379917600474538,0.03793787265469322
-0.007150901791055555,0.025954606019779856,-0.01813478537379364,-0.02011763484750681,0.13419648657040567,0.027991645838648514
-0.008121430381755695,0.027096203368685307,-0.016521550539497772,0.04416636737657073,0.13009759015549885,0.017560215871501313
-0.008951261137988624,0.027921293447770213,-0.014527752202322268,0.10274325163886788,0.12402474740392949,0.009242071310038201
-0.009602537312602256,0.028426889982802718,-0.012211469144102097,0.15437406177600088,0.11825718505660832,0.0016508304897444037
-0.010052924185938804,0.028496003810845792,-0.009726303546136829,0.19922614976764424,0.11323396323854464,-0.003970742269100377
-0.010429279483415555,0.028382835760082815,-0.007416827935943539,0.2404851893311718,0.10790994360973319,-0.00876429960602591
-0.010866533042298645,0.028206733191791154,-0.005282431461575753,0.27794324430558753,0.10406418421498641,-0.013835859708921875
-0.011351659547161332,0.028167804392142885,-0.003244787213811404,0.31120667870420027,0.10124528437341664,-0.020807234591435003
-0.0119237250771848,0.028154253604886804,-0.0013816393340580768,0.3421985533231047,0.09723860986965428,-0.027584843027095608
-0.012461975482019282,0.028305183706051052,0.000498745958494951,0.3701422470564704,0.09204155667852605,-0.03434944353968913
-0.013027429624191702,0.02856625224048919,0.002224601294145556,0.39608463073650807,0.08564812074338068,-0.041641439588515294
-0.013615669321047843,0.028733545527417415,0.0038776299507540116,0.4187557529046111,0.0780802620904407,-0.04854605650949726
-0.0141914287129492,0.0287788275415194,0.005527534560823751,0.43687438119338723,0.07242526753700922,-0.055147506814155374
-0.014707900595005777,0.02888472176614734,0.006951974231577535,0.45298446218037136,0.06607245442582987,-0.061838850061134584
-0.01518593734898303,0.029155625543301224,0.008196880779177467,0.4670325695311213,0.058408445739053294,-0.07010133524175068
-0.015628255741414365,0.029359365833615578,0.009426941645243197,0.47664412230899655,0.05363830925334112,-0.07942065574833074
-0.01611917009326875,0.02940553840851393,0.010356066487503469,0.4842840785792408,0.050281902440616824,-0.08760397281794424
-0.01682634085645017,0.02935360455674093,0.01072560263657717,0.4929531959090775,0.04598147667890312,-0.0947643170136169
-0.017644411873098374,0.02911112029323126,0.010792815241390983,0.5008073236802629,0.04093492123361586,-0.1001068966404773
-0.018344535296132065,0.02878374012699964,0.01098576322651178,0.5024861989413449,0.041390724224305495,-0.10699371495037138
-0.018899673813666515,0.028481091332835783,0.011228434003844722,0.499722009559993,0.044129719391129654,-0.11510069840688648
-0.019382714922508978,0.028069658730074974,0.011138408780269164,0.4985212954825828,0.042761688373820335,-0.12133335061040604
-0.019755713022439884,0.027383017696506695,0.010851487697458988,0.49768430747392,0.040556884221666714,-0.12526079075994304
-0.020056178083651434,0.026576451138615176,0.010361359657748002,0.4969276507240392,0.03956184833193152,-0.1277472301067775
-0.020366750976353567,0.02580724735174165,0.009502756227235894,0.4981571166516609,0.035927618636050415,-0.12869255438224406
-0.02074892286818724,0.025190983390326698,0.00834265382242359,0.4991732827700275,0.03290874890842106,-0.1300998453620898
-0.021337322737295935,0.02459821310754892,0.006886381311675461,0.49962677508021686,0.03172724218349872,-0.132048346784897
-0.022058563343576035,0.024054835873956626,0.005322840858209754,0.4996893527836239,0.029507775382061396,-0.13497545247862477
-0.022644063939301417,0.023281365153888935,0.003961683427517423,0.4973342344995928,0.027416224935745317,-0.13609071427924319
-0.02301871881787845,0.022315725222951055,0.002921666117423419,0.4914599239037545,0.026043996245711416,-0.1359042243258482
-0.023239453427063333,0.02110699256604038,0.00207000151644662,0.4825816820301862,0.024979059805249997,-0.13377037038689552
